-- MySQL dump 10.13  Distrib 5.6.16, for Win32 (x86)
--
-- Host: localhost    Database: test
-- ------------------------------------------------------
-- Server version	5.6.16

/*!40101 SET @OLD_CHARACTER_SET_CLIENT=@@CHARACTER_SET_CLIENT */;
/*!40101 SET @OLD_CHARACTER_SET_RESULTS=@@CHARACTER_SET_RESULTS */;
/*!40101 SET @OLD_COLLATION_CONNECTION=@@COLLATION_CONNECTION */;
/*!40101 SET NAMES utf8 */;
/*!40103 SET @OLD_TIME_ZONE=@@TIME_ZONE */;
/*!40103 SET TIME_ZONE='+00:00' */;
/*!40014 SET @OLD_UNIQUE_CHECKS=@@UNIQUE_CHECKS, UNIQUE_CHECKS=0 */;
/*!40014 SET @OLD_FOREIGN_KEY_CHECKS=@@FOREIGN_KEY_CHECKS, FOREIGN_KEY_CHECKS=0 */;
/*!40101 SET @OLD_SQL_MODE=@@SQL_MODE, SQL_MODE='NO_AUTO_VALUE_ON_ZERO' */;
/*!40111 SET @OLD_SQL_NOTES=@@SQL_NOTES, SQL_NOTES=0 */;

--
-- Table structure for table `alembic_version`
--

DROP TABLE IF EXISTS `alembic_version`;
/*!40101 SET @saved_cs_client     = @@character_set_client */;
/*!40101 SET character_set_client = utf8 */;
CREATE TABLE `alembic_version` (
  `version_num` varchar(32) NOT NULL,
  PRIMARY KEY (`version_num`)
) ENGINE=InnoDB DEFAULT CHARSET=latin1;
/*!40101 SET character_set_client = @saved_cs_client */;

--
-- Dumping data for table `alembic_version`
--

LOCK TABLES `alembic_version` WRITE;
/*!40000 ALTER TABLE `alembic_version` DISABLE KEYS */;
INSERT INTO `alembic_version` VALUES ('a23d52153936');
/*!40000 ALTER TABLE `alembic_version` ENABLE KEYS */;
UNLOCK TABLES;

--
-- Table structure for table `cheapest`
--

DROP TABLE IF EXISTS `cheapest`;
/*!40101 SET @saved_cs_client     = @@character_set_client */;
/*!40101 SET character_set_client = utf8 */;
CREATE TABLE `cheapest` (
  `id` int(11) NOT NULL AUTO_INCREMENT,
  `extension` varchar(20) DEFAULT NULL,
  `reg_registrar` varchar(20) DEFAULT NULL,
  `reg_price` float DEFAULT NULL,
  `renew_registrar` varchar(20) DEFAULT NULL,
  `renew_price` float DEFAULT NULL,
  `tran_registrar` varchar(20) DEFAULT NULL,
  `tran_price` float DEFAULT NULL,
  `popularity` int(11) DEFAULT NULL,
  PRIMARY KEY (`id`)
) ENGINE=InnoDB AUTO_INCREMENT=1806 DEFAULT CHARSET=latin1;
/*!40101 SET character_set_client = @saved_cs_client */;

--
-- Dumping data for table `cheapest`
--

LOCK TABLES `cheapest` WRITE;
/*!40000 ALTER TABLE `cheapest` DISABLE KEYS */;
INSERT INTO `cheapest` VALUES (301,'et','donec',4.29,'mi',8.32,'volutpat',8.89,2),(302,'vulputate','pede',4.2,'id',6.15,'quis',1.47,6),(303,'nulla','montes',9.73,'vitae',6.48,'blandit',7.81,1),(304,'sit','praesent',2.18,'sit',5.42,'integer',4.16,2),(305,'nec','nulla',1.87,'ut',8.99,'rhoncus',1.01,1),(306,'sem','lectus',6.15,'odio',9.34,'ipsum',0.93,8),(307,'sed','feugiat',9.27,'ut',1.46,'libero',7.72,3),(308,'leo','at',7.11,'quam',6.69,'penatibus',7.19,8),(309,'lorem','habitasse',2.12,'velit',2.18,'ornare',0.51,0),(310,'lorem','venenatis',0.73,'non',3.88,'massa',9.54,1),(311,'nullam','maecenas',2.88,'sed',0.76,'eros',3.77,8),(312,'dapibus','diam',8.9,'nisl',1.6,'erat',6.59,6),(313,'pede','molestie',2.23,'nunc',0.65,'accumsan',2.84,0),(314,'in','in',7.36,'pede',3.73,'tellus',7.28,8),(315,'tincidunt','ut',4.49,'libero',8.61,'amet',0.25,1),(316,'iaculis','nunc',3.4,'morbi',5.94,'elementum',3.04,3),(317,'odio','ut',0.1,'quis',1.9,'adipiscing',1.56,4),(318,'sit','non',4.2,'maecenas',3.68,'ligula',6.19,4),(319,'eget','a',6.62,'suscipit',5.91,'neque',9.27,9),(320,'vulputate','suspendisse',8.97,'massa',3.99,'odio',4.64,7),(321,'imperdiet','tristique',2.5,'felis',2.41,'nisl',2.11,2),(322,'scelerisque','non',9.35,'pede',0.41,'aliquet',7.08,3),(323,'odio','ante',2.53,'in',1.78,'aliquam',1.33,0),(324,'maecenas','in',8.94,'et',6.17,'justo',1.43,5),(325,'dolor','donec',9.08,'vehicula',9.76,'eget',9.26,7),(326,'est','non',8.31,'odio',6.45,'felis',1.97,2),(327,'blandit','ultrices',6.39,'in',0.77,'mauris',4.95,2),(328,'ornare','malesuada',8.02,'elit',6.6,'imperdiet',7.97,5),(329,'suscipit','quam',5.28,'aenean',6.36,'proin',6.1,9),(330,'natoque','consequat',5.8,'at',2.19,'curae;',8.38,2),(331,'justo','quam',1.06,'ac',2.24,'a',0.46,7),(332,'leo','phasellus',6.52,'praesent',7.7,'ipsum',3.56,6),(333,'erat','morbi',5.16,'tincidunt',4.12,'metus',4,5),(334,'eros','ornare',4.41,'sapien',5.43,'a',9.47,4),(335,'pellentesque','cras',1.02,'lacus',9.25,'semper',0.41,4),(336,'et','nisi',3.4,'eget',9.04,'amet',5.63,1),(337,'quis','sit',4.29,'primis',1.97,'sit',4.96,1),(338,'aenean','amet',3.13,'rhoncus',9.98,'ac',9.8,1),(339,'nisi','porttitor',5.67,'auctor',0,'magna',7.79,5),(340,'consequat','eleifend',1.52,'fusce',3.3,'pellentesque',0.21,7),(341,'enim','lorem',0.72,'pellentesque',3.29,'urna',5.24,1),(342,'vivamus','volutpat',0.77,'rutrum',7.64,'et',0.36,2),(343,'in','pulvinar',2.34,'at',9.21,'suscipit',1.79,6),(344,'sapien','eros',9.27,'dis',3.52,'et',1.12,2),(345,'metus','suscipit',9.66,'tempus',0.18,'morbi',1.22,9),(346,'odio','enim',2.4,'vestibulum',2.45,'nulla',4.28,1),(347,'est','volutpat',9.39,'eget',4.23,'proin',8.76,7),(348,'cubilia','amet',0.37,'sociis',0.21,'eget',7.55,6),(349,'sit','odio',1.81,'lorem',5.3,'accumsan',7.45,5),(350,'nam','dis',8.84,'placerat',8.32,'hac',8.83,2),(351,'enim','nunc',6.2,'in',8.04,'a',8.18,9),(352,'ac','elit',9.31,'ante',8.3,'felis',9.25,8),(353,'primis','eget',0,'volutpat',6.24,'sed',2.75,4),(354,'massa','proin',6.51,'vitae',4.37,'diam',9.38,8),(355,'nam','aliquam',3.29,'ligula',6,'magna',7.34,5),(356,'cubilia','id',5.65,'varius',1.54,'hac',1.42,2),(357,'orci','imperdiet',0.09,'non',6.78,'parturient',1.39,7),(358,'faucibus','ante',5.02,'morbi',5.98,'vestibulum',8.24,1),(359,'natoque','justo',4.93,'vestibulum',4.44,'arcu',1.61,4),(360,'sem','sit',9.62,'curabitur',7.76,'interdum',1.38,8),(361,'mauris','montes',1.88,'eget',5.38,'odio',1.34,0),(362,'neque','nulla',7.87,'platea',6.09,'pede',1.53,2),(363,'iaculis','sapien',0.88,'consequat',7.84,'faucibus',7.25,1),(364,'ante','dapibus',7.38,'eu',2.02,'at',0.94,0),(365,'augue','nulla',5.06,'congue',0.96,'vel',4.14,2),(366,'orci','diam',8.31,'vivamus',4.67,'sit',3.3,7),(367,'quam','libero',8.11,'sapien',1.46,'sit',2.12,8),(368,'lacinia','lacinia',4.04,'ultrices',8.11,'sit',3.9,2),(369,'sapien','tristique',9.54,'rhoncus',5.1,'ante',7.08,1),(370,'amet','eget',5.26,'sapien',8.7,'id',6.56,4),(371,'sapien','adipiscing',9.71,'potenti',6.5,'in',1.66,2),(372,'quam','eu',9.51,'vestibulum',5.24,'sapien',1.81,9),(373,'ac','libero',8.28,'turpis',1.38,'vel',5.84,3),(374,'sapien','vestibulum',9.55,'iaculis',6.4,'nulla',0.33,8),(375,'scelerisque','vestibulum',6.56,'aliquam',7.01,'vel',8.27,3),(376,'lacus','luctus',8.93,'morbi',2.5,'eget',8.74,0),(377,'at','et',8.59,'luctus',7.82,'aliquam',5.24,3),(378,'posuere','sem',1.08,'pede',5.56,'morbi',6.01,0),(379,'sit','pede',5.32,'cubilia',6.84,'rhoncus',4.29,5),(380,'libero','proin',4.4,'odio',1.31,'rutrum',5.03,1),(381,'id','pellentesque',4.85,'vestibulum',8.84,'neque',2.47,1),(382,'montes','id',5.33,'molestie',7.89,'in',3.32,7),(383,'diam','luctus',8.05,'at',5.6,'ut',1.74,0),(384,'aliquet','id',7.1,'nulla',4.59,'maecenas',2.91,7),(385,'pellentesque','mauris',8.96,'tristique',1.04,'rutrum',4.26,8),(386,'duis','proin',6.25,'egestas',2.65,'magnis',8.36,4),(387,'ante','at',2.82,'faucibus',7.1,'nunc',9.1,9),(388,'nec','orci',0.22,'sapien',0.79,'bibendum',7.18,9),(389,'ut','nulla',1.07,'metus',6.17,'potenti',2.02,5),(390,'vulputate','volutpat',2.48,'id',5.88,'nisl',0.41,2),(391,'montes','dui',0.58,'blandit',0.46,'libero',3.14,2),(392,'pellentesque','libero',2.07,'ut',5.49,'fringilla',8.68,8),(393,'phasellus','vestibulum',8.14,'primis',9.53,'felis',9.55,7),(394,'rutrum','sed',8.89,'molestie',7.49,'quis',5.03,7),(395,'consequat','dolor',4.93,'iaculis',1.05,'rutrum',4.99,5),(396,'vestibulum','mollis',1.04,'ut',5.31,'est',9.3,9),(397,'urna','in',1.37,'porttitor',1.28,'lacus',3.52,9),(398,'nulla','mauris',3.76,'proin',7.74,'varius',9.59,9),(399,'ipsum','justo',7.28,'purus',7.91,'massa',3.56,6),(400,'vestibulum','pellentesque',2.87,'vestibulum',2.26,'at',4.55,5),(401,'nulla','enim',0.79,'nulla',4.78,'dui',1.97,8),(402,'odio','suspendisse',1.48,'amet',8.55,'cursus',3.66,6),(403,'libero','interdum',5.96,'sagittis',2.08,'primis',6.58,8),(404,'amet','id',7.58,'elementum',2.22,'mi',0.78,9),(405,'mattis','vestibulum',3.78,'orci',7.88,'consequat',3.51,8),(406,'eu','ipsum',7.61,'elementum',2.8,'molestie',8.17,9),(407,'libero','natoque',5.6,'morbi',5.91,'id',3.55,7),(408,'elit','pede',5.06,'quisque',9.24,'platea',5.42,3),(409,'pretium','risus',2.44,'quam',5.4,'interdum',9.02,6),(410,'lacinia','massa',3.69,'porttitor',4.96,'donec',0.11,6),(411,'quisque','ridiculus',2.87,'nam',0.79,'laoreet',5.03,8),(412,'at','turpis',8.26,'lacus',5.19,'id',5.25,0),(413,'pellentesque','fusce',5.6,'erat',2.55,'quam',0.3,7),(414,'congue','nunc',2.97,'justo',3.03,'maecenas',5.98,0),(415,'gravida','morbi',3.8,'ultrices',8.53,'cras',0.3,0),(416,'est','luctus',4.49,'enim',6.79,'sed',8.74,6),(417,'libero','volutpat',6.21,'et',4.58,'eget',6.88,5),(418,'aliquam','felis',9.38,'at',4.74,'sed',8.94,4),(419,'in','primis',8.05,'pede',7.18,'ut',0.13,3),(420,'semper','aliquet',2.3,'interdum',8.46,'massa',9.04,4),(421,'ut','praesent',6.62,'convallis',1.66,'venenatis',9.81,2),(422,'quis','aliquet',8.35,'sagittis',5.51,'posuere',8.85,7),(423,'luctus','curae;',8.81,'nibh',5.35,'sapien',6.3,5),(424,'sagittis','id',9.73,'ut',0.57,'sit',3.23,9),(425,'ornare','vitae',5.34,'ante',2.5,'ante',0.98,0),(426,'lobortis','morbi',7.76,'lacus',3.29,'sociis',3.16,9),(427,'sed','a',0.07,'pede',3.34,'tristique',3.74,0),(428,'lorem','fusce',2.87,'dapibus',4.41,'tortor',0.83,2),(429,'leo','maecenas',8.28,'pretium',1.66,'ultrices',5.12,1),(430,'pellentesque','eget',3.91,'metus',9.74,'tortor',2.98,1),(431,'sapien','laoreet',1.81,'vestibulum',3.41,'ligula',6.99,9),(432,'est','interdum',6.07,'id',4.31,'ante',0.58,7),(433,'in','cum',5.45,'eu',1.28,'eu',7.17,6),(434,'in','vivamus',9.21,'suspendisse',1.27,'vivamus',5.36,5),(435,'amet','id',4.11,'vel',2.77,'nunc',5.49,6),(436,'lacinia','velit',5,'est',0.53,'justo',0.76,4),(437,'tristique','sociis',2.45,'dolor',4.63,'lectus',4,3),(438,'viverra','hac',7.97,'donec',6,'ac',2.4,1),(439,'pede','interdum',9.25,'justo',7.81,'ac',3.66,2),(440,'aliquam','dolor',4.27,'dui',8.19,'integer',0.03,4),(441,'luctus','nascetur',0.79,'hac',3.94,'rutrum',9.76,8),(442,'convallis','fusce',5.25,'facilisi',8.87,'ac',7.06,6),(443,'orci','leo',3.07,'libero',5.72,'cum',8.83,9),(444,'metus','volutpat',3.55,'vel',3.21,'euismod',7.68,6),(445,'rutrum','ut',8.44,'cras',1.21,'nibh',6.74,5),(446,'pede','turpis',2.54,'et',0.29,'posuere',2.21,7),(447,'curae;','praesent',5.42,'non',1.02,'nisl',1.59,1),(448,'ultrices','convallis',9.62,'integer',9.14,'in',5.7,8),(449,'a','phasellus',7.49,'at',3.96,'donec',5.39,6),(450,'pellentesque','nunc',5.12,'faucibus',8.36,'justo',5.2,4),(451,'lacus','curae;',6.12,'pellentesque',9.07,'neque',1.67,4),(452,'erat','facilisi',4.22,'habitasse',4.1,'at',9.87,5),(453,'sit','donec',2.57,'in',8.94,'volutpat',5.72,5),(454,'tortor','lacinia',9.4,'ipsum',8.83,'tortor',7.39,4),(455,'vulputate','amet',8.81,'morbi',5.69,'accumsan',9.69,2),(456,'sed','eu',4.88,'consectetuer',2.75,'interdum',1.64,6),(457,'dolor','quam',6.5,'nec',8,'condimentum',5.59,1),(458,'vestibulum','vehicula',9.87,'elit',2.33,'duis',7.26,9),(459,'odio','vel',4.43,'pellentesque',7.81,'vel',1.03,2),(460,'condimentum','ac',0.3,'hac',6.19,'rutrum',7.04,1),(461,'quis','aliquet',0.96,'metus',9.32,'maecenas',2.53,2),(462,'ac','orci',9.58,'auctor',1.3,'eleifend',6.83,6),(463,'morbi','in',0.01,'in',1.13,'dui',7.86,8),(464,'rutrum','etiam',8.95,'at',9.39,'sed',6.27,0),(465,'et','vulputate',5.81,'sagittis',9.38,'curabitur',8.84,1),(466,'interdum','mus',6.91,'convallis',1.73,'at',1.27,4),(467,'nec','odio',1.48,'et',1.12,'tincidunt',7.89,9),(468,'mauris','curae;',7.72,'amet',6.98,'porttitor',0.69,1),(469,'nullam','sed',3.9,'dis',1.64,'aliquet',2.54,8),(470,'lorem','elementum',6.82,'nec',9.75,'non',9.72,4),(471,'in','massa',1.19,'in',2.9,'vel',5.41,6),(472,'justo','auctor',8.32,'a',3.95,'venenatis',9.22,3),(473,'platea','donec',9.36,'vitae',0.02,'fringilla',7.83,3),(474,'id','ut',0.47,'non',5.35,'quisque',8.66,8),(475,'sociis','justo',6.76,'non',7.85,'ultrices',6.77,6),(476,'quis','ipsum',9.77,'pede',1.9,'quisque',8.16,2),(477,'lacus','sociis',7.21,'felis',8.6,'maecenas',4.06,7),(478,'aliquet','varius',1.43,'convallis',0.78,'placerat',4.44,2),(479,'odio','in',8.62,'massa',6.2,'mauris',4.38,1),(480,'odio','sollicitudin',7.23,'vel',2.71,'odio',0.55,9),(481,'posuere','vel',9.8,'volutpat',8.59,'integer',2.32,8),(482,'amet','est',8.96,'ante',3.74,'metus',3.59,5),(483,'dolor','ultrices',4.29,'dapibus',8.19,'imperdiet',2.82,4),(484,'justo','pellentesque',8.6,'pede',1.85,'in',9.78,1),(485,'fermentum','cubilia',9.59,'magna',4.07,'mi',6.48,6),(486,'tellus','in',8.4,'turpis',8.75,'quis',5.66,1),(487,'hac','lorem',8.34,'cubilia',3.16,'orci',1.19,3),(488,'sit','velit',8.8,'vel',7.97,'nascetur',3.76,9),(489,'nibh','varius',0.97,'molestie',1.75,'fusce',1.77,5),(490,'etiam','nec',6.35,'rhoncus',2.05,'id',4.55,7),(491,'congue','diam',1.55,'cubilia',2.02,'commodo',3.94,9),(492,'felis','justo',6.93,'tempus',5.83,'nulla',4.53,3),(493,'fusce','justo',4.98,'justo',3.35,'ligula',5.34,1),(494,'metus','et',0.91,'ipsum',9.71,'rutrum',9.5,3),(495,'ante','molestie',0.13,'pellentesque',9.91,'in',1.06,2),(496,'eleifend','etiam',0.94,'proin',1.29,'magna',1.96,3),(497,'amet','porta',1.64,'sociis',5.08,'accumsan',1.54,7),(498,'venenatis','curae;',6.74,'ipsum',1.58,'tincidunt',2.48,4),(499,'metus','tortor',4.87,'donec',0.73,'nonummy',7.11,9),(500,'vulputate','odio',4.48,'ultrices',1.59,'magna',7.5,8),(501,'lobortis','lacinia',4.04,'vestibulum',3.15,'dapibus',5.58,5),(502,'nec','ipsum',1.69,'ac',5.72,'in',6.47,2),(503,'habitasse','vitae',5.68,'in',5.35,'potenti',0.34,5),(504,'odio','nam',3.09,'libero',7.72,'habitasse',6.82,0),(505,'pede','sit',8.98,'orci',0.18,'vel',5.43,3),(506,'sit','sapien',6.81,'vitae',2.63,'at',3.87,8),(507,'suspendisse','natoque',9.86,'justo',6.4,'semper',0.32,7),(508,'sociis','nunc',0.52,'dis',7.56,'ante',4.49,7),(509,'sapien','quisque',6.64,'leo',6.23,'rutrum',7.56,8),(510,'ante','posuere',4.36,'augue',3.82,'nec',6.07,0),(511,'dis','sed',1.15,'donec',9.39,'sem',1.42,9),(512,'in','duis',6.24,'elementum',6.43,'eleifend',7.99,5),(513,'condimentum','pharetra',4.22,'at',3.52,'justo',9.48,7),(514,'hac','quis',5.77,'dapibus',1.67,'orci',5.53,9),(515,'in','sed',4.08,'nisi',6.38,'tellus',9.08,5),(516,'aliquet','volutpat',3.42,'eleifend',8.01,'duis',3.18,1),(517,'felis','dui',9.36,'purus',9.14,'dictumst',3.22,2),(518,'orci','erat',6.18,'cras',3.74,'nisi',8.51,9),(519,'tristique','augue',0.89,'ac',8.43,'bibendum',4.45,3),(520,'nisi','velit',0.68,'non',4.82,'risus',9.07,6),(521,'sagittis','blandit',1.1,'nam',2.49,'risus',2.8,0),(522,'habitasse','vestibulum',4.27,'luctus',9,'semper',4.93,7),(523,'suspendisse','odio',5.29,'lacus',5.76,'fusce',8.39,2),(524,'maecenas','lacus',5.45,'tortor',2.81,'potenti',1.13,0),(525,'libero','aliquam',3.67,'lectus',1.46,'sapien',7.39,9),(526,'id','eget',4.85,'nulla',5.92,'bibendum',0.21,9),(527,'sagittis','hac',2.76,'condimentum',0.72,'curae;',7.35,9),(528,'tincidunt','eleifend',7.7,'fermentum',9.47,'pretium',5.56,4),(529,'nunc','hac',6.87,'vel',4.91,'turpis',9.26,5),(530,'vulputate','mattis',6.66,'orci',2.56,'lobortis',5.24,2),(531,'cubilia','sed',5.74,'ante',2.12,'eu',0.25,4),(532,'mauris','quam',8.68,'eu',4.93,'quis',2.08,5),(533,'urna','augue',0.47,'suspendisse',3.1,'vestibulum',0.97,9),(534,'nullam','orci',3.17,'sapien',0.52,'fusce',6.61,8),(535,'posuere','orci',5.5,'elementum',8.72,'a',5.16,8),(536,'sem','id',2.13,'molestie',2.84,'elementum',4.77,5),(537,'odio','velit',5.11,'phasellus',5.08,'ipsum',7.47,9),(538,'quisque','ipsum',5.44,'nec',5.62,'magna',8.96,1),(539,'est','etiam',4.32,'at',4.72,'luctus',2.35,4),(540,'tempor','turpis',1.4,'nulla',8.81,'orci',4.26,9),(541,'blandit','erat',5.43,'nulla',8.57,'vestibulum',4.46,3),(542,'erat','risus',7.23,'ac',1.49,'eu',2.47,8),(543,'blandit','pede',8.33,'at',2.15,'ornare',9.65,8),(544,'vel','ut',2.35,'erat',7.74,'nisi',9.68,8),(545,'scelerisque','maecenas',8.9,'amet',2.22,'neque',2.56,3),(546,'dis','curae;',4.52,'donec',1.62,'vestibulum',0.26,4),(547,'at','quam',8.28,'mauris',4.98,'nam',4.36,6),(548,'elementum','posuere',4,'nisi',9.55,'sollicitudin',2.2,4),(549,'justo','at',2.15,'lectus',5.56,'sociis',3.5,4),(550,'congue','mauris',0.59,'massa',6.64,'consequat',1.54,5),(551,'fusce','mauris',1.54,'volutpat',8.74,'platea',8.12,4),(552,'in','sed',9.82,'justo',3.98,'suspendisse',0.94,6),(553,'fusce','massa',8.85,'pede',2.72,'vel',8.12,6),(554,'enim','mauris',4.28,'nam',9.7,'convallis',2.56,0),(555,'cubilia','nam',1.88,'ultrices',0,'elementum',6.44,7),(556,'ante','donec',5.15,'nulla',6.51,'ridiculus',1.68,4),(557,'ut','nulla',5.89,'in',2.67,'vel',0.22,6),(558,'dis','nec',7.85,'justo',0.17,'enim',5.63,9),(559,'ligula','ipsum',8.09,'mattis',7.74,'justo',5.03,6),(560,'ridiculus','cursus',3.65,'quam',2.27,'eu',6.02,6),(561,'ut','in',0.95,'pede',5.95,'dignissim',5.31,5),(562,'tempor','sociis',5.12,'nec',9.78,'nec',0.88,6),(563,'sed','cubilia',2.97,'rutrum',2.4,'feugiat',1.36,1),(564,'maecenas','eu',8.61,'suspendisse',4.39,'dictumst',5.42,8),(565,'sed','arcu',3.99,'at',1.49,'augue',3.98,0),(566,'sodales','platea',1.58,'tortor',8.74,'velit',6.62,1),(567,'erat','dis',4.95,'augue',3.87,'velit',7.1,3),(568,'nulla','sapien',6.68,'ante',8.78,'imperdiet',2.86,4),(569,'diam','donec',8.4,'vel',3.79,'ac',9.66,2),(570,'platea','mauris',7.85,'augue',6.57,'suscipit',3.44,0),(571,'lorem','donec',7.55,'luctus',9.84,'penatibus',8.99,0),(572,'donec','at',3.38,'enim',2.87,'consequat',3.07,2),(573,'lorem','viverra',8.41,'euismod',8.65,'nibh',3.11,7),(574,'erat','ultrices',6.64,'viverra',3.17,'parturient',1.93,5),(575,'vitae','in',0.81,'vestibulum',5.71,'sed',6.09,9),(576,'nibh','tempus',5.15,'risus',2.12,'phasellus',8.43,0),(577,'ridiculus','mi',6.44,'etiam',6.22,'lacinia',7.91,4),(578,'vivamus','mauris',8.07,'justo',3.48,'id',4.63,6),(579,'eget','et',7.25,'mauris',5.15,'metus',8.28,2),(580,'magna','nec',4.04,'nisi',7.39,'mattis',5,2),(581,'sodales','est',7.09,'tristique',3.84,'euismod',3.06,3),(582,'porttitor','mauris',3.97,'quis',6.69,'habitasse',5.53,9),(583,'consectetuer','sodales',9.77,'neque',4.78,'in',7.49,3),(584,'faucibus','maecenas',0.92,'magnis',9.63,'vel',0.29,5),(585,'consequat','integer',5.39,'varius',5.39,'augue',0.38,5),(586,'ligula','aliquet',0.63,'nec',0.15,'auctor',5.26,1),(587,'integer','elementum',9.27,'odio',5.37,'sit',9.29,5),(588,'libero','quis',9.94,'sit',1.32,'turpis',2.83,0),(589,'ullamcorper','porttitor',8.15,'nunc',2.95,'nunc',6.79,2),(590,'massa','lectus',2.26,'interdum',1.4,'ut',0.74,0),(591,'lacus','nulla',1.24,'dapibus',6.56,'odio',1.18,3),(592,'iaculis','dis',9.56,'integer',1.31,'pharetra',8.99,0),(593,'at','massa',0.85,'elementum',7.1,'congue',9.52,5),(594,'blandit','bibendum',8.22,'eleifend',2.26,'dolor',4.02,2),(595,'quisque','pede',0.29,'vel',3.05,'erat',2.64,0),(596,'dolor','pede',3.32,'vivamus',8.19,'vulputate',2.45,7),(597,'lacinia','in',5.16,'ac',7.05,'donec',5.4,8),(598,'amet','tellus',8.97,'semper',9.3,'dui',5.79,6),(599,'quis','mauris',2.05,'penatibus',7.09,'vestibulum',4.26,4),(600,'volutpat','tortor',5.94,'diam',9.75,'purus',9.81,7),(601,'erat','in',8.34,'aliquam',9.4,'pulvinar',4.95,9),(602,'pretium','cursus',3.54,'accumsan',0.79,'egestas',4.06,0),(603,'sed','quam',3.43,'at',5.01,'eu',2.82,3),(604,'ligula','velit',1.31,'euismod',2.93,'ridiculus',6.22,7),(605,'cursus','integer',9.79,'dui',0.05,'donec',9.09,6),(606,'hac','tempus',9.71,'ante',7.39,'ligula',8.62,8),(607,'luctus','lacinia',9.67,'nunc',4.04,'posuere',5.49,4),(608,'turpis','lobortis',0.46,'lacus',2.75,'etiam',7.19,2),(609,'dis','quisque',2.06,'quisque',5.66,'sem',4.78,9),(610,'lobortis','varius',9.43,'est',4.62,'mollis',5.05,5),(611,'nisl','potenti',5.55,'donec',5.68,'ut',3.76,1),(612,'ultrices','sed',2.79,'penatibus',3.3,'habitasse',4.26,9),(613,'proin','suspendisse',6.8,'aliquam',5.23,'etiam',5.03,5),(614,'tincidunt','augue',3.27,'iaculis',5.67,'curae;',0.26,4),(615,'fermentum','eleifend',7.34,'aliquam',5.02,'donec',9.79,6),(616,'arcu','integer',5.02,'ultrices',5.24,'pede',0.79,1),(617,'interdum','purus',7.79,'facilisi',8.49,'ac',7.26,2),(618,'vel','eget',3.01,'nibh',6.64,'vel',4.36,1),(619,'magnis','sit',9.81,'a',6.95,'libero',9.27,1),(620,'proin','amet',5.21,'sed',9.99,'lorem',4.42,9),(621,'nec','nibh',0.79,'dapibus',8.44,'diam',0.31,6),(622,'velit','nam',8.9,'duis',0.67,'sem',9.8,1),(623,'non','velit',1.64,'quisque',8.33,'lorem',7.76,7),(624,'orci','nulla',6.18,'sapien',0.81,'pretium',0.11,5),(625,'libero','morbi',0.92,'quam',7.59,'in',7.31,1),(626,'ut','consectetuer',5.66,'pharetra',1.57,'tempus',3.42,7),(627,'quisque','lectus',3.67,'cubilia',0.98,'tempus',6.54,0),(628,'curae;','varius',8.98,'luctus',4.97,'interdum',7,9),(629,'quam','morbi',7.42,'in',3.19,'sed',6.21,7),(630,'elementum','nulla',5.22,'gravida',7.44,'non',3,4),(631,'vitae','habitasse',6.88,'vel',8.55,'dapibus',9.65,2),(632,'nulla','duis',8.25,'sed',1.39,'mauris',4.67,1),(633,'vivamus','magna',4.19,'velit',0.56,'volutpat',1.53,9),(634,'justo','mattis',6.8,'sed',6.62,'posuere',3.05,2),(635,'lorem','id',3.2,'tortor',3.28,'aliquam',8.88,1),(636,'venenatis','nam',6.24,'pulvinar',5.44,'pulvinar',9.33,8),(637,'morbi','dis',5.84,'lectus',3.86,'dictumst',6.9,8),(638,'donec','dapibus',9.79,'laoreet',9.82,'convallis',5.69,9),(639,'mi','sed',9.07,'ante',1.41,'in',6.74,0),(640,'phasellus','ac',7.63,'tortor',0.48,'sit',7.61,3),(641,'vulputate','velit',2.9,'primis',7.65,'consequat',3.28,8),(642,'vulputate','odio',1.29,'sed',5.08,'dolor',5.19,0),(643,'dui','nam',6.51,'vivamus',9.27,'sem',7.21,8),(644,'pellentesque','accumsan',4.64,'nullam',0.3,'varius',5.59,9),(645,'in','id',4.84,'lacus',2.88,'vivamus',3.95,0),(646,'varius','maecenas',5.81,'et',1.29,'donec',4.83,4),(647,'commodo','luctus',9.34,'eu',5.34,'a',4.18,8),(648,'diam','luctus',6.03,'natoque',3.44,'curabitur',8.45,5),(649,'orci','amet',2.42,'pellentesque',2.24,'in',4.25,3),(650,'arcu','sollicitudin',8.28,'ornare',8.85,'nulla',0.9,3),(651,'nulla','congue',7.78,'consequat',7.56,'at',3.62,9),(652,'eu','tempor',3.45,'pede',1.67,'eget',1.02,4),(653,'vivamus','justo',3.46,'ut',7.31,'pede',6.27,4),(654,'leo','in',4.34,'duis',3.48,'justo',4.55,7),(655,'dui','ipsum',0.19,'quis',3.84,'eleifend',0.47,4),(656,'eu','consequat',6.58,'mauris',3.28,'magna',4.84,3),(657,'amet','pede',9.58,'consequat',8.21,'pretium',6.96,6),(658,'porttitor','ut',5.75,'amet',8.99,'lorem',7.46,3),(659,'parturient','vestibulum',7.55,'rhoncus',3.1,'in',2.73,2),(660,'id','vivamus',7.55,'nulla',0.83,'nulla',3.96,3),(661,'tincidunt','justo',0.67,'orci',3.01,'turpis',7.48,1),(662,'tellus','morbi',3.67,'scelerisque',4.36,'massa',4.69,8),(663,'sociis','ac',0.17,'pretium',5.72,'elementum',4.53,7),(664,'morbi','id',6.76,'sollicitudin',1.05,'neque',9.71,1),(665,'tempus','quisque',1.45,'nulla',1.97,'nulla',8.63,7),(666,'quis','lectus',9.45,'luctus',7.31,'eget',4.83,2),(667,'libero','tincidunt',6.4,'justo',7.1,'donec',1.49,9),(668,'fermentum','id',1.54,'vulputate',2.87,'quisque',0.08,6),(669,'viverra','dui',9.18,'vestibulum',9.36,'aliquet',6.25,3),(670,'vel','blandit',8.98,'mattis',5.62,'quam',2.29,4),(671,'habitasse','id',6.99,'nulla',2.93,'ac',0.68,2),(672,'elit','justo',4.42,'eros',5.84,'cursus',5.48,9),(673,'molestie','mauris',2.78,'nulla',0.02,'semper',5.44,1),(674,'nisl','justo',7.21,'mollis',8.33,'risus',2.64,1),(675,'pharetra','tristique',7.2,'nulla',2.98,'augue',5.11,8),(676,'non','vestibulum',9.68,'lobortis',6.44,'turpis',6.87,8),(677,'id','aliquam',7.22,'orci',6.2,'aenean',6,0),(678,'nulla','vivamus',1.35,'vel',9.26,'dui',1.32,9),(679,'et','ante',9.97,'adipiscing',6.77,'nunc',4.99,7),(680,'donec','amet',8.39,'faucibus',5.78,'nisl',9.67,9),(681,'est','in',9.35,'sem',7.26,'vivamus',6,1),(682,'vulputate','bibendum',3.45,'penatibus',7.95,'venenatis',8.92,5),(683,'volutpat','fusce',6.94,'vestibulum',3.4,'aliquet',4.75,3),(684,'enim','dapibus',0.97,'semper',9.9,'scelerisque',9.86,9),(685,'suspendisse','maecenas',1.55,'feugiat',1.63,'vulputate',0.38,6),(686,'proin','pede',1.95,'proin',5.58,'ut',6.15,1),(687,'ultrices','vel',4.99,'pellentesque',4.96,'at',6.19,8),(688,'eget','et',7.89,'vel',9.13,'sed',5.43,2),(689,'in','amet',3.72,'ac',7.89,'sit',2.12,1),(690,'dapibus','est',9.91,'turpis',4.07,'maecenas',3.19,1),(691,'proin','nulla',1.79,'libero',1.38,'dolor',9.66,7),(692,'ultrices','nulla',8.84,'bibendum',9.84,'ut',7.7,9),(693,'sit','adipiscing',8.57,'posuere',8.25,'diam',3.69,0),(694,'dolor','vestibulum',9.5,'est',1.41,'curae;',5.81,6),(695,'donec','vel',0.33,'mauris',6.41,'felis',7.82,6),(696,'hac','at',9.18,'cras',9.15,'aliquam',0.84,5),(697,'nam','vestibulum',4.38,'eu',3.11,'cras',1.02,3),(698,'lacinia','in',0.07,'faucibus',3.8,'odio',6.36,3),(699,'hac','cras',5.7,'mauris',5.1,'erat',9.52,8),(700,'volutpat','tempus',0.08,'semper',8.35,'duis',0.71,8),(701,'eu','integer',8.58,'in',3.48,'hendrerit',4.98,6),(702,'morbi','dui',2.12,'augue',0.08,'turpis',0.36,9),(703,'consequat','mauris',5.21,'ligula',2.15,'sit',4.15,3),(704,'blandit','pede',8.64,'lorem',1.9,'at',4.69,6),(705,'aliquam','non',2.29,'nulla',5.91,'pede',3.43,1),(706,'suspendisse','sapien',5.04,'vestibulum',2.34,'adipiscing',4.07,1),(707,'luctus','elementum',3.67,'et',5.44,'dictumst',9.36,8),(708,'nascetur','nisl',7.63,'vivamus',2.34,'in',0.96,1),(709,'id','eget',8.59,'in',5.94,'ac',4.7,0),(710,'ipsum','in',7.91,'in',2.53,'quis',0.45,7),(711,'justo','id',2.33,'at',7.04,'interdum',2.77,0),(712,'ornare','sapien',5.73,'mauris',2.44,'magna',0.08,6),(713,'ut','purus',6.57,'dictumst',1.19,'rutrum',2.38,9),(714,'nisl','luctus',1.01,'sed',5.38,'vel',4.38,4),(715,'accumsan','habitasse',9.82,'nibh',6.52,'ante',6.32,4),(716,'pellentesque','suspendisse',5.56,'lacinia',7.63,'mattis',8.85,9),(717,'ipsum','nulla',8.2,'sit',3.64,'dignissim',2.39,4),(718,'ipsum','congue',0.02,'viverra',2.68,'velit',4.84,2),(719,'nulla','faucibus',9.92,'luctus',2.36,'sagittis',9.19,5),(720,'sit','ultricies',7.3,'amet',4.86,'neque',8.8,0),(721,'ut','neque',8.5,'ut',9.78,'sit',0.62,3),(722,'auctor','libero',4.03,'mauris',7.83,'feugiat',6.67,4),(723,'sit','et',5.18,'in',3.77,'lacinia',5.54,3),(724,'non','sapien',0.99,'sed',2.06,'in',1.44,4),(725,'habitasse','lectus',2.57,'proin',8.67,'accumsan',2.31,1),(726,'lectus','vel',9.88,'eu',6.41,'morbi',6.67,7),(727,'ultrices','praesent',7.3,'cubilia',0.59,'ut',4.36,9),(728,'dapibus','vel',4.46,'sagittis',9.59,'nec',1.55,2),(729,'habitasse','platea',0.06,'eu',3.33,'donec',9.41,3),(730,'pretium','arcu',1.37,'nibh',2.96,'tortor',9.21,9),(731,'quam','vulputate',5.8,'odio',7.57,'sit',8.83,3),(732,'porta','faucibus',5.5,'vestibulum',7.26,'eget',5.94,5),(733,'varius','tristique',9.8,'lacinia',4.18,'risus',1.57,2),(734,'eleifend','eros',1.64,'semper',2.38,'donec',2.27,4),(735,'nam','diam',2.85,'pulvinar',3.61,'nulla',4.34,2),(736,'maecenas','in',4.82,'semper',2.48,'primis',5.83,5),(737,'tellus','dui',6.65,'sed',3.1,'semper',3.94,3),(738,'suspendisse','maecenas',9.27,'sapien',6.6,'phasellus',2.93,1),(739,'curae;','eget',2.84,'platea',8.01,'nulla',8.96,0),(740,'in','nunc',2.59,'nec',9.69,'enim',3.46,2),(741,'odio','imperdiet',3.74,'maecenas',3.63,'in',0.99,2),(742,'nibh','in',8.84,'nisi',5.28,'sodales',2.21,6),(743,'libero','volutpat',1.09,'ultrices',0.72,'amet',7.47,9),(744,'ligula','augue',2.98,'consequat',0.6,'tellus',2.57,4),(745,'duis','dignissim',9.63,'cras',3.18,'platea',6.29,3),(746,'nulla','justo',9.67,'nisi',5.07,'nec',8.09,1),(747,'semper','lacinia',0.9,'amet',7.11,'pede',5.49,0),(748,'ipsum','viverra',1.96,'blandit',0.98,'in',5.26,8),(749,'diam','sapien',7.71,'quisque',6.55,'ligula',8.24,9),(750,'nisi','nibh',3.5,'ut',5.33,'vel',4.4,6),(751,'mauris','habitasse',0.19,'maecenas',3.69,'platea',5.19,4),(752,'suspendisse','nec',9.8,'cubilia',5.71,'eget',1.67,5),(753,'nunc','et',1.04,'magna',9.14,'at',1.55,3),(754,'volutpat','justo',9.2,'aliquam',0.57,'erat',3,1),(755,'semper','mi',1.26,'nulla',5.8,'amet',9.2,8),(756,'lacus','sit',7.21,'rhoncus',1.24,'curabitur',3.91,4),(757,'porttitor','faucibus',9.31,'nulla',7.35,'nisi',7.64,9),(758,'facilisi','ut',0.47,'bibendum',0.38,'at',3.59,7),(759,'sit','felis',7.17,'eget',4.99,'at',0.99,8),(760,'nam','mi',8.59,'mi',8.9,'ullamcorper',8.24,2),(761,'blandit','laoreet',2.61,'porta',3.14,'augue',9.24,9),(762,'ante','etiam',9.57,'nulla',1.33,'suspendisse',9.92,4),(763,'viverra','quisque',4.65,'erat',8.06,'nisi',0.55,8),(764,'lobortis','eros',6.53,'ut',0.08,'porttitor',6.72,7),(765,'ac','cum',8.82,'ligula',7.8,'sapien',1.86,9),(766,'nulla','sodales',4.7,'libero',5.21,'mauris',3.36,8),(767,'ornare','morbi',4.91,'faucibus',8.6,'etiam',3.43,7),(768,'eu','tempor',7.97,'vestibulum',3.21,'cubilia',5.17,9),(769,'quis','nulla',3.03,'feugiat',6.82,'id',5.18,3),(770,'sem','metus',5.8,'nisl',8.01,'elementum',3.78,3),(771,'in','primis',0.44,'curabitur',4.3,'lacus',3.48,4),(772,'at','pede',6.01,'imperdiet',8.1,'duis',1.74,8),(773,'velit','in',4.31,'eget',4.11,'odio',8.81,2),(774,'sem','nisl',6.92,'vulputate',8.63,'vitae',9.97,3),(775,'amet','erat',4.67,'at',2.9,'maecenas',9.49,8),(776,'potenti','volutpat',8.33,'vivamus',9.98,'augue',9.39,3),(777,'vestibulum','ullamcorper',0.82,'tristique',9.81,'mattis',4.57,5),(778,'eget','ac',3.04,'cum',5.38,'amet',6.97,6),(779,'at','nulla',1.75,'at',0.25,'non',4.72,4),(780,'sagittis','rutrum',7.83,'ac',6.98,'praesent',5.49,3),(781,'sit','posuere',5.98,'cubilia',1.5,'pretium',4.82,9),(782,'auctor','porta',5.21,'sem',6.15,'viverra',5.31,0),(783,'pede','mi',5.44,'quis',6.16,'massa',6.36,2),(784,'orci','ullamcorper',3.66,'sagittis',9.86,'orci',6.57,7),(785,'nulla','fringilla',1.85,'aliquam',7.4,'orci',0.14,7),(786,'hac','nunc',9.43,'montes',5.95,'vel',7.82,5),(787,'velit','ante',7.09,'erat',3.52,'proin',1.31,7),(788,'non','sociis',3.88,'eget',9.08,'vel',1.88,5),(789,'arcu','curae;',2.15,'luctus',9.17,'ut',1.32,6),(790,'nam','justo',3.02,'quisque',6.68,'aliquet',0.81,8),(791,'ultrices','fusce',7.27,'amet',9,'urna',4.25,0),(792,'ultrices','nulla',0.62,'nisl',5.66,'augue',1.53,2),(793,'non','eget',9.76,'congue',7.5,'ullamcorper',9.29,2),(794,'gravida','in',2.97,'quam',4.99,'potenti',1.37,5),(795,'a','magna',4.55,'vivamus',7.18,'quam',4.34,2),(796,'pede','lectus',7.8,'a',7.72,'eros',7.92,5),(797,'curabitur','neque',4.37,'justo',0.31,'nunc',4.88,0),(798,'molestie','imperdiet',3.38,'nisl',8.97,'vitae',1.26,2),(799,'elit','at',0.36,'molestie',7.45,'pretium',5.86,7),(800,'montes','tincidunt',4.96,'amet',3.06,'curae;',2.44,8),(801,'sagittis','eu',9.17,'augue',0.88,'quam',3.8,8),(802,'convallis','adipiscing',4.43,'sociis',3.55,'in',3.7,8),(803,'amet','cum',2.11,'dictumst',8.68,'sit',7.51,5),(804,'vel','adipiscing',5.95,'sit',5.34,'lectus',4.37,2),(805,'dolor','ultrices',2.78,'metus',5.08,'nisi',9.54,1),(806,'ipsum','et',4.58,'in',8.49,'suspendisse',5.58,6),(807,'at','donec',1.25,'risus',5.11,'orci',9.57,7),(808,'at','luctus',3.25,'at',6.38,'nec',9.88,4),(809,'libero','ipsum',4.33,'commodo',3.85,'semper',8.88,0),(810,'praesent','amet',3.67,'mauris',3.58,'dictumst',8.37,0),(811,'vel','libero',3.9,'erat',7.06,'cum',3.08,5),(812,'phasellus','maecenas',0.31,'cum',9.67,'pede',0.4,8),(813,'id','nibh',5.56,'felis',5.1,'rhoncus',0.6,2),(814,'sapien','mattis',6.66,'curabitur',1.68,'libero',2.39,2),(815,'sit','donec',5.34,'in',5.98,'nisi',4.69,8),(816,'sociis','etiam',2.66,'vehicula',2.91,'ultrices',9.41,3),(817,'ultrices','justo',2.29,'pharetra',3.28,'curabitur',6.68,6),(818,'platea','curabitur',5.11,'tempor',9.01,'venenatis',6.41,3),(819,'et','vel',9.94,'feugiat',7.35,'sapien',1.23,7),(820,'arcu','augue',8.5,'eros',0.95,'blandit',6.85,2),(821,'proin','semper',0.26,'aliquet',8.38,'quam',0.14,8),(822,'integer','aliquam',5.75,'ac',3.84,'morbi',8.73,5),(823,'integer','ac',3.46,'mauris',2.5,'consequat',8,6),(824,'nulla','sit',1.06,'est',6.58,'ut',4.7,9),(825,'vestibulum','nunc',5.24,'non',9.9,'vulputate',2.29,2),(826,'nibh','montes',6.05,'sit',0.77,'maecenas',8.79,0),(827,'ultrices','ac',9.11,'sit',5.72,'hac',8.94,9),(828,'auctor','potenti',5.41,'vestibulum',0.7,'rhoncus',9.1,8),(829,'at','nam',0.47,'varius',4.54,'convallis',0.13,3),(830,'velit','vitae',9.89,'eros',0.47,'eleifend',8.39,4),(831,'justo','suspendisse',0.54,'quis',8.98,'ut',1.23,6),(832,'sem','pede',1.24,'venenatis',7.84,'tortor',9.84,4),(833,'sapien','ipsum',6.85,'orci',8.29,'neque',0.2,3),(834,'vestibulum','lacinia',4.35,'leo',9.47,'eu',0.18,9),(835,'et','nisi',3.97,'velit',4.96,'amet',7.77,0),(836,'pellentesque','imperdiet',8.96,'amet',1.31,'duis',0.82,9),(837,'tellus','id',8.97,'at',3.61,'est',9.94,5),(838,'quam','curae;',8.45,'vitae',8.98,'nam',9.81,0),(839,'vitae','luctus',5.91,'bibendum',7.15,'integer',8.58,1),(840,'turpis','nullam',3.9,'eu',8.78,'nunc',8.31,8),(841,'integer','interdum',4.34,'aliquam',7.33,'enim',9.4,0),(842,'tincidunt','a',0.88,'ac',3.64,'eget',8.67,9),(843,'magna','viverra',9.69,'justo',5.97,'eget',9.77,5),(844,'nisi','eu',2.75,'tincidunt',0.1,'elementum',4.9,2),(845,'pede','hac',1.55,'odio',2.04,'orci',2.08,6),(846,'odio','pretium',6.29,'quisque',0.96,'magnis',8.87,0),(847,'lectus','aliquam',3.28,'dictumst',8.91,'magna',1.77,1),(848,'donec','curae;',5.51,'vestibulum',5.19,'tellus',0.96,8),(849,'pede','nunc',4.7,'ligula',3.53,'libero',6.73,5),(850,'congue','eget',6.3,'lacus',0.63,'sit',8.06,8),(851,'duis','porttitor',2.34,'lectus',7.8,'id',4.85,9),(852,'ut','felis',8.24,'luctus',0.35,'amet',5.79,9),(853,'sed','vitae',8.08,'nisl',5.44,'non',3.76,2),(854,'semper','nisl',9.95,'sed',6.91,'turpis',4.81,6),(855,'viverra','at',8.47,'potenti',6.41,'posuere',6.9,9),(856,'lectus','magna',8.89,'est',3.25,'quis',1.85,7),(857,'adipiscing','odio',6.45,'massa',0.39,'faucibus',3.27,3),(858,'ipsum','ut',0.3,'pulvinar',8.5,'mattis',8.73,7),(859,'sit','leo',5.31,'nec',3.77,'lacinia',1.96,7),(860,'leo','quisque',4.21,'vestibulum',2.95,'eget',5.11,8),(861,'ultrices','tortor',4.63,'consequat',6.14,'est',4.84,7),(862,'sapien','ligula',6.39,'tristique',8.21,'neque',4.94,3),(863,'id','malesuada',0.99,'sapien',3.38,'eget',6.48,6),(864,'lobortis','ac',3.31,'magnis',1.63,'ultrices',4.94,9),(865,'in','volutpat',9.97,'amet',0.67,'tempus',3.32,4),(866,'sed','in',5.88,'semper',3.53,'augue',2.73,3),(867,'praesent','tempus',5.22,'maecenas',5.98,'amet',7.8,9),(868,'amet','ac',3.85,'eget',3.38,'lacinia',2.65,3),(869,'mauris','ipsum',6.85,'habitasse',5.45,'penatibus',7.03,4),(870,'lectus','eget',3.24,'ipsum',5.61,'tortor',1.41,1),(871,'enim','odio',8.61,'erat',8.77,'nam',3.77,6),(872,'pede','curae;',4.74,'volutpat',7.87,'pede',9.81,0),(873,'sed','leo',4.75,'dis',6.08,'arcu',8.14,8),(874,'erat','vehicula',0.18,'orci',6.09,'est',8.35,7),(875,'nulla','etiam',5.54,'ut',5.78,'nisi',8.53,2),(876,'vivamus','in',8.79,'nulla',6.37,'duis',9.75,8),(877,'habitasse','iaculis',9.1,'quis',1.94,'ut',0.29,0),(878,'eu','eu',5.31,'aliquam',4.32,'amet',6.1,0),(879,'ac','vel',1.23,'proin',1.15,'pretium',3.22,5),(880,'donec','odio',6.21,'phasellus',9.87,'sapien',5.24,4),(881,'diam','fusce',9.59,'ut',2.48,'amet',1.1,9),(882,'ut','aliquam',4.4,'mus',3.93,'magna',9.73,4),(883,'justo','non',5.44,'tellus',8.41,'ultricies',3.37,0),(884,'morbi','augue',3.62,'erat',0.37,'massa',7.13,1),(885,'arcu','sit',4.28,'feugiat',4.06,'lorem',2.71,3),(886,'sodales','nulla',1.62,'ac',2.72,'vel',9.96,5),(887,'vestibulum','nisi',2.77,'odio',6.41,'vel',4.66,4),(888,'curabitur','neque',0.95,'quam',0.81,'congue',8.38,0),(889,'amet','praesent',4.02,'sem',4.6,'maecenas',3.02,7),(890,'non','accumsan',4.1,'neque',3.53,'varius',5.84,6),(891,'posuere','cubilia',4.57,'urna',7.84,'suspendisse',3.56,4),(892,'a','aenean',1.63,'proin',9.35,'augue',7.52,3),(893,'tincidunt','rutrum',6.51,'hac',6.42,'pellentesque',9.27,3),(894,'id','quis',9.51,'porttitor',0.04,'tincidunt',0.51,7),(895,'turpis','sollicitudin',0.01,'odio',3.45,'sapien',6.18,8),(896,'libero','condimentum',8.71,'viverra',9.62,'in',7.13,7),(897,'sit','pede',8.4,'eget',4.96,'sed',0.76,6),(898,'rhoncus','non',6.73,'morbi',2.23,'purus',0.47,5),(899,'luctus','velit',7.51,'vivamus',9.93,'sit',7.87,7),(900,'sed','fringilla',0.59,'justo',4.29,'sit',3.21,4),(901,'hendrerit','amet',3.11,'nunc',7.52,'posuere',3.81,3),(902,'cubilia','lacinia',9.23,'eu',4.68,'ipsum',5.39,3),(903,'ante','lectus',3.97,'nulla',8.76,'fermentum',5.05,1),(904,'eu','molestie',0.58,'pretium',9.72,'maecenas',3.12,5),(905,'augue','lacinia',6.45,'tristique',0.85,'ut',7.85,4),(906,'eget','vulputate',9.32,'mauris',4.79,'hac',2.57,9),(907,'tellus','placerat',5.28,'interdum',1.61,'lorem',3.65,1),(908,'elementum','semper',1.59,'sed',6.06,'vestibulum',6.05,8),(909,'nec','et',9.96,'quam',4.22,'in',7.04,1),(910,'posuere','in',1.08,'luctus',1.75,'ut',7.63,7),(911,'etiam','ultrices',7.85,'ut',8.38,'nulla',9.83,2),(912,'lectus','mattis',1.48,'elementum',9.92,'elementum',9.1,3),(913,'potenti','primis',8.2,'integer',5.28,'non',2.68,9),(914,'magna','at',0.3,'ultrices',4.42,'enim',9.8,7),(915,'nibh','imperdiet',5.36,'mauris',2.61,'suspendisse',0.55,5),(916,'libero','sed',7.05,'at',1.96,'amet',7.82,5),(917,'vitae','aliquam',1.19,'et',2.17,'pede',1.17,4),(918,'nisi','diam',4.57,'nisl',7.52,'vel',1.47,2),(919,'porta','adipiscing',0.35,'vel',3.43,'metus',3,8),(920,'auctor','ac',8.97,'at',0.54,'ut',7.27,0),(921,'lectus','fusce',9,'aenean',7.37,'aliquet',3.27,5),(922,'sit','eleifend',5.62,'venenatis',2.6,'neque',1.16,5),(923,'id','orci',7.95,'ut',7.24,'vehicula',6.88,1),(924,'quis','massa',0.71,'eget',8.62,'nunc',9.64,9),(925,'dui','mus',5.21,'semper',0.11,'habitasse',4.12,2),(926,'hac','luctus',7.08,'tristique',5.47,'imperdiet',9.83,0),(927,'id','in',1.35,'in',0.06,'morbi',5.82,1),(928,'ut','nulla',5.98,'ultrices',0.63,'viverra',8.45,2),(929,'in','justo',5.53,'nisi',2.71,'blandit',3.02,1),(930,'parturient','sed',4.36,'lobortis',6.23,'sed',5.6,3),(931,'ut','vitae',0.9,'lectus',9.33,'quam',5.18,2),(932,'feugiat','feugiat',3.74,'cras',4.41,'montes',8.37,0),(933,'aliquam','nunc',0.13,'nascetur',3.37,'volutpat',2.64,7),(934,'nulla','eleifend',2.04,'non',3.27,'arcu',4.78,6),(935,'mattis','blandit',2.36,'purus',9.57,'mi',4.87,6),(936,'massa','magnis',7.49,'lobortis',3.31,'cum',7.39,6),(937,'nulla','vitae',5.27,'in',1.52,'mauris',9.47,3),(938,'lectus','parturient',3.34,'eros',3.82,'montes',5.84,2),(939,'quam','blandit',2.26,'ac',1.26,'posuere',1.79,3),(940,'ultrices','mauris',2.43,'nisi',6,'velit',8.08,4),(941,'magnis','neque',8.3,'sapien',3.07,'quis',3.62,6),(942,'quisque','in',0.85,'ultrices',9.13,'cum',2.93,0),(943,'at','luctus',9.75,'a',6.76,'nibh',4.32,8),(944,'vivamus','quam',7.42,'sapien',9.55,'quis',9.78,5),(945,'ipsum','suspendisse',9.88,'mi',4.56,'eu',3.48,8),(946,'proin','phasellus',6.47,'tortor',9.2,'at',1.13,7),(947,'lectus','a',7.76,'semper',2.85,'consequat',5.94,9),(948,'fermentum','sapien',6.83,'volutpat',0.18,'ipsum',6.65,4),(949,'justo','mattis',3.94,'nulla',2.33,'velit',1.82,8),(950,'in','erat',1.51,'dui',8.58,'nulla',4.15,3),(951,'sapien','justo',8.42,'in',7.2,'orci',2.09,0),(952,'velit','ipsum',6.33,'luctus',2.71,'fusce',9.81,2),(953,'placerat','ultrices',8.62,'ut',7.24,'mattis',1.5,3),(954,'dapibus','viverra',8.95,'urna',3.85,'curabitur',4.98,3),(955,'blandit','at',9.4,'rutrum',3.15,'eros',5.16,5),(956,'penatibus','turpis',5.7,'luctus',9.19,'hac',2.99,4),(957,'nisi','in',2.42,'vestibulum',9.2,'lectus',6.28,6),(958,'porta','ut',4.24,'porttitor',6.19,'curabitur',0.11,7),(959,'id','consequat',0.51,'fusce',8.81,'odio',6.55,8),(960,'congue','nec',2.51,'congue',8.33,'lectus',5.54,4),(961,'hendrerit','elit',5.88,'mus',9.75,'nam',7.05,1),(962,'risus','aliquet',2.81,'sit',8.77,'aliquam',4.9,3),(963,'in','auctor',9.57,'mattis',0.03,'enim',6.06,5),(964,'vel','vivamus',7.77,'vulputate',4.61,'eu',8.28,9),(965,'natoque','nulla',5.72,'leo',9.71,'quam',4.8,1),(966,'nibh','quam',2.13,'nulla',6.56,'orci',1.99,1),(967,'duis','faucibus',7.54,'amet',2.41,'tellus',2.35,2),(968,'odio','fusce',4.69,'nascetur',8.5,'sem',2.33,7),(969,'cubilia','magna',5.46,'est',6.27,'blandit',3.76,7),(970,'ut','cras',6.87,'ligula',9.57,'posuere',8.98,4),(971,'interdum','dapibus',5.25,'luctus',1.91,'et',9.87,4),(972,'nisl','tincidunt',0.75,'at',1.64,'rhoncus',4.28,0),(973,'venenatis','dui',4.82,'eu',0.14,'velit',9.55,2),(974,'amet','consequat',7.86,'pellentesque',3.33,'duis',2.91,9),(975,'ut','libero',8.72,'sed',0.72,'varius',3.65,9),(976,'neque','ultrices',8.18,'tincidunt',4.57,'cum',9.73,3),(977,'ut','suspendisse',3.98,'a',8.34,'et',9.29,4),(978,'mauris','elementum',8.52,'sit',0.75,'pellentesque',4.72,4),(979,'eu','consectetuer',6.63,'tincidunt',5.67,'id',3.1,4),(980,'at','ante',0.07,'in',4.13,'et',0.74,5),(981,'platea','id',0.2,'tincidunt',5.97,'pretium',1.38,8),(982,'lectus','dolor',8.22,'bibendum',8.61,'volutpat',6.86,4),(983,'vestibulum','quam',3.76,'pulvinar',6.18,'platea',8.53,9),(984,'in','amet',4.95,'donec',1.43,'tortor',0.28,3),(985,'lobortis','eu',1.58,'odio',5.67,'velit',1.22,1),(986,'libero','auctor',8.73,'magna',3.51,'in',9.75,3),(987,'hendrerit','faucibus',4.71,'congue',9.91,'vitae',4.24,2),(988,'justo','sollicitudin',1.17,'at',3.52,'cursus',6.53,5),(989,'varius','dapibus',7.17,'quis',7.71,'lorem',7.39,8),(990,'euismod','vulputate',6.61,'duis',7.89,'pede',8.15,6),(991,'lectus','posuere',6.34,'sodales',4.09,'posuere',9.55,9),(992,'nec','ut',5.51,'eu',0.42,'curabitur',6.47,3),(993,'turpis','viverra',3.07,'porta',8.24,'ultrices',4.87,4),(994,'magna','eleifend',1.78,'magna',9.47,'curae;',7.12,3),(995,'nunc','ante',8.3,'posuere',7.51,'justo',0.04,3),(996,'odio','fusce',6.95,'purus',5.99,'nam',0.62,7),(997,'lorem','vestibulum',0.74,'luctus',9.05,'interdum',7.06,0),(998,'felis','at',3.09,'tempus',3.79,'at',0.06,7),(999,'mauris','varius',9.36,'venenatis',2.77,'sed',0.38,4),(1000,'quis','orci',6.26,'est',2.61,'congue',2.41,0),(1001,'sapien','sagittis',8.87,'rhoncus',0.58,'mauris',1.17,7),(1002,'dictumst','nulla',9.24,'eleifend',6.96,'venenatis',3.79,4),(1003,'montes','lorem',4.86,'dictumst',3.89,'duis',3.16,3),(1004,'vestibulum','cras',2.27,'mauris',9.52,'eu',9.59,7),(1005,'ut','aliquet',1.67,'pede',2.89,'turpis',5.28,5),(1006,'mauris','nisi',0.39,'vel',4.22,'viverra',8.24,2),(1007,'viverra','duis',1.41,'velit',9.74,'sodales',0.71,1),(1008,'congue','eget',2.57,'dolor',6.67,'nullam',5.64,6),(1009,'nonummy','cubilia',2.2,'ante',2.86,'augue',7.27,5),(1010,'semper','faucibus',9.02,'vestibulum',0.64,'non',6.76,2),(1011,'varius','platea',0.83,'libero',6.6,'nam',7.37,1),(1012,'sollicitudin','viverra',0.5,'pellentesque',9.21,'lacus',2.25,8),(1013,'mi','primis',7.04,'proin',1.53,'donec',7.23,6),(1014,'est','faucibus',0.36,'enim',9.19,'magnis',2.56,2),(1015,'vehicula','nulla',2.72,'id',7.22,'eleifend',0.19,2),(1016,'at','vulputate',3.22,'dictumst',8.56,'elit',1.23,0),(1017,'morbi','tincidunt',6.72,'curae;',1.23,'parturient',1.36,4),(1018,'justo','in',9.54,'volutpat',4.97,'venenatis',1.53,5),(1019,'vestibulum','faucibus',2.96,'leo',5.63,'tempor',4.55,9),(1020,'pretium','vel',8.59,'auctor',0.75,'vitae',9.49,0),(1021,'convallis','vel',0.46,'eros',8.35,'nibh',9.29,7),(1022,'vestibulum','dui',4.69,'justo',5.91,'odio',5.11,1),(1023,'nullam','felis',9.68,'proin',8.89,'tortor',6.91,1),(1024,'consequat','eu',8.16,'mi',8.81,'vestibulum',8.26,7),(1025,'aliquet','phasellus',7.33,'molestie',4.04,'eu',1.74,1),(1026,'est','odio',4.86,'volutpat',3.88,'nec',3.45,7),(1027,'volutpat','vestibulum',4.23,'fermentum',6.86,'nulla',1.01,9),(1028,'fermentum','nullam',8.25,'purus',9.39,'donec',7.7,2),(1029,'dolor','tempus',0.54,'in',4.7,'consectetuer',7.71,7),(1030,'ultrices','id',4.22,'nunc',2.29,'nulla',9.64,1),(1031,'eget','pede',0.58,'vehicula',2.12,'nam',3.56,7),(1032,'vestibulum','nisi',6.94,'nullam',2.91,'odio',4.62,2),(1033,'nullam','elit',0.93,'neque',2.29,'luctus',7.19,4),(1034,'donec','dolor',8.31,'duis',4.1,'primis',5.83,4),(1035,'aenean','duis',8.45,'vestibulum',9.48,'pede',5.67,5),(1036,'sodales','venenatis',2.4,'consectetuer',7.83,'ut',9.8,3),(1037,'nec','in',0.35,'maecenas',6.18,'congue',8.37,9),(1038,'nulla','aliquam',1.42,'sapien',7.68,'pharetra',6.58,4),(1039,'nisl','hac',6.27,'lobortis',7.22,'amet',9.86,2),(1040,'molestie','blandit',5.99,'praesent',5.33,'mi',9.55,2),(1041,'dui','pede',3.16,'tortor',5.11,'purus',5.93,4),(1042,'gravida','curae;',9.37,'laoreet',0.16,'molestie',1.44,0),(1043,'amet','eget',5,'ac',3.47,'ipsum',8.19,1),(1044,'aenean','libero',3.58,'donec',7.2,'sed',9.78,7),(1045,'donec','dolor',4.29,'elit',3.25,'praesent',8.48,6),(1046,'eu','massa',1.84,'nibh',3.48,'sapien',7.62,5),(1047,'nunc','nibh',4.9,'ornare',5.29,'pharetra',8.41,0),(1048,'duis','libero',1.06,'ac',9.68,'at',9.66,4),(1049,'sit','tortor',6.75,'libero',6.91,'erat',8.4,8),(1050,'etiam','phasellus',8.32,'ultrices',0.4,'nullam',0.99,8),(1051,'posuere','nulla',9.83,'potenti',5.47,'imperdiet',2.45,0),(1052,'vestibulum','hac',2.26,'odio',3.82,'in',9.88,1),(1053,'dapibus','nulla',7.62,'augue',8.77,'turpis',8.87,1),(1054,'non','ante',7.35,'dolor',7.47,'curabitur',4.48,8),(1055,'placerat','magna',0.13,'nulla',7.81,'ut',8.06,5),(1056,'dapibus','interdum',1.42,'sollicitudin',5.66,'condimentum',8.94,4),(1057,'non','felis',3.05,'accumsan',3.98,'sed',8.57,4),(1058,'nulla','ac',6.01,'duis',3.12,'ipsum',0.01,8),(1059,'pede','a',7.33,'semper',2.06,'fermentum',8.78,6),(1060,'orci','phasellus',4.92,'lacinia',4.57,'lacus',5.79,7),(1061,'morbi','quisque',9.26,'vel',7.8,'eu',3.73,5),(1062,'ante','amet',1.03,'fermentum',5.35,'ut',3.54,6),(1063,'magnis','primis',1.64,'in',8.64,'cras',6.11,6),(1064,'ut','est',7.54,'amet',8.54,'sit',0.12,7),(1065,'mauris','at',2.64,'ultrices',7.78,'pede',1.87,0),(1066,'ipsum','sem',0.72,'mauris',0.94,'faucibus',9.44,6),(1067,'rhoncus','maecenas',6.87,'phasellus',7.77,'lectus',5.35,6),(1068,'ac','vestibulum',7.62,'enim',4.99,'dui',9.25,2),(1069,'posuere','curae;',3,'luctus',7.95,'in',1.47,4),(1070,'erat','turpis',3.72,'nisi',0.12,'vivamus',6.77,2),(1071,'at','morbi',6.86,'eu',4.62,'id',1.88,3),(1072,'quis','vel',7.7,'augue',0.02,'justo',4.77,8),(1073,'morbi','quam',6.67,'lectus',9.14,'mattis',0.03,1),(1074,'nec','ante',3.74,'non',4.17,'arcu',0.88,0),(1075,'felis','in',6.07,'libero',0.56,'eget',5.96,0),(1076,'in','in',4.52,'at',0.76,'ut',5.78,4),(1077,'dictumst','non',9.82,'consequat',9.85,'amet',6.2,0),(1078,'suspendisse','commodo',5.41,'rutrum',6.6,'mauris',4.82,7),(1079,'ligula','amet',2.24,'ultrices',0.22,'tellus',6.1,6),(1080,'ultrices','lobortis',7.73,'a',9.06,'justo',3.67,4),(1081,'dictumst','odio',7.69,'nec',3.91,'sagittis',5.75,7),(1082,'ultrices','mi',4.99,'turpis',8.01,'morbi',0.32,5),(1083,'proin','proin',4.6,'quisque',7.51,'luctus',0.87,9),(1084,'tempus','nulla',3.04,'consequat',0.27,'posuere',7.8,1),(1085,'orci','felis',8.06,'viverra',7.47,'augue',2.4,5),(1086,'libero','cras',0.53,'in',9.15,'vehicula',0.08,3),(1087,'pretium','ut',5.81,'pede',2.18,'sit',4.88,7),(1088,'a','enim',9.12,'neque',0.31,'id',7.63,4),(1089,'turpis','imperdiet',9.7,'aenean',9.93,'luctus',6.06,7),(1090,'sem','blandit',3.68,'placerat',2.41,'dui',6,1),(1091,'posuere','dignissim',8.81,'iaculis',6.24,'mauris',5.25,1),(1092,'vestibulum','faucibus',0.08,'accumsan',6.1,'mus',8.05,5),(1093,'nulla','magnis',6.24,'ipsum',9.26,'orci',7.93,0),(1094,'in','justo',6.29,'id',8.5,'aliquet',2.27,9),(1095,'sed','maecenas',4.03,'non',3.67,'magna',3.15,7),(1096,'morbi','tempor',2.49,'metus',6.34,'duis',0.41,1),(1097,'aenean','donec',4.88,'mauris',7.99,'nibh',7.77,7),(1098,'pharetra','nulla',7.75,'hac',4.72,'dis',0.63,1),(1099,'nisi','ultrices',4.43,'tortor',0.2,'nulla',5.26,8),(1100,'orci','dapibus',1.25,'tempus',5.3,'auctor',5.59,7),(1101,'non','condimentum',9.45,'justo',9.39,'ac',9.12,6),(1102,'amet','integer',4.91,'commodo',3.34,'et',4.03,2),(1103,'morbi','venenatis',6.1,'nisi',9.44,'quisque',5.96,1),(1104,'in','odio',6.42,'est',1.76,'eu',4.04,9),(1105,'nullam','mi',0.05,'curabitur',5.59,'quis',4.55,4),(1106,'maecenas','nibh',5.87,'lobortis',1.46,'morbi',1.69,9),(1107,'accumsan','urna',9.82,'dolor',6.62,'a',4.1,3),(1108,'eros','ultrices',5.41,'tristique',7.16,'semper',5.06,2),(1109,'curae;','morbi',9.28,'tortor',9.09,'sit',3,4),(1110,'scelerisque','nibh',4.32,'id',5.74,'condimentum',2.7,6),(1111,'leo','platea',5.27,'metus',0.95,'suspendisse',3.7,2),(1112,'quam','tincidunt',5.27,'lacinia',6.27,'in',1.61,7),(1113,'velit','dui',7.57,'dolor',2.82,'convallis',1.65,2),(1114,'sapien','ac',0.61,'duis',1.93,'tristique',7.12,7),(1115,'quam','turpis',3.45,'nec',1.73,'tempor',5.69,3),(1116,'mauris','ut',7.68,'ultrices',3.34,'orci',3.31,2),(1117,'et','maecenas',3.86,'a',5.72,'penatibus',0.78,2),(1118,'magna','commodo',3.1,'maecenas',1.79,'eget',6.86,3),(1119,'eget','quam',5.09,'condimentum',5.26,'enim',8.13,0),(1120,'nulla','integer',5.87,'iaculis',7.7,'dui',4.92,0),(1121,'sit','id',0.49,'odio',6.68,'sapien',2.16,5),(1122,'cubilia','ac',4.28,'curabitur',9.58,'justo',8.5,6),(1123,'erat','viverra',9.07,'orci',4.74,'diam',3.77,2),(1124,'at','lectus',9.92,'ut',7.87,'tellus',6.17,5),(1125,'vestibulum','integer',8.05,'leo',0.39,'metus',8.31,1),(1126,'id','in',4.7,'dui',3.87,'mauris',9.05,0),(1127,'auctor','at',7.52,'nulla',9.44,'rutrum',9.91,9),(1128,'ultrices','sem',8.93,'dui',2.81,'ipsum',8.04,2),(1129,'nisl','nec',2.02,'cras',3.43,'faucibus',4.86,9),(1130,'sit','ipsum',7.92,'faucibus',1.77,'vulputate',2.63,0),(1131,'turpis','pede',1.97,'nibh',5.86,'ante',8.74,4),(1132,'venenatis','in',3.75,'vivamus',0.8,'ac',2.3,0),(1133,'dui','venenatis',2.77,'turpis',3.97,'quis',2.36,8),(1134,'maecenas','vestibulum',1.29,'blandit',3.46,'et',3.41,7),(1135,'eu','in',1.81,'sapien',5.38,'curae;',1.01,5),(1136,'vestibulum','pulvinar',0.63,'ac',4.16,'morbi',5.24,3),(1137,'ultrices','nascetur',3.14,'dictumst',6.88,'turpis',3.06,9),(1138,'in','et',7.64,'in',3.49,'justo',5.32,2),(1139,'vivamus','curabitur',4.71,'porttitor',8.78,'ultrices',3.57,5),(1140,'eleifend','eros',3.88,'vivamus',8.22,'velit',9.24,9),(1141,'nullam','dui',3.4,'neque',4.64,'quam',9.47,4),(1142,'luctus','lacus',6.44,'odio',3.54,'tellus',5.36,5),(1143,'volutpat','mauris',1.25,'vel',0.32,'vitae',2.2,4),(1144,'habitasse','massa',9.08,'quis',3.27,'montes',2.72,6),(1145,'montes','libero',0.65,'id',5.57,'viverra',8.82,7),(1146,'non','ipsum',1.75,'odio',0.18,'tortor',8.35,5),(1147,'faucibus','consequat',1.98,'et',2.87,'ligula',8.08,5),(1148,'amet','lorem',0.95,'dictumst',7.24,'vivamus',4.02,8),(1149,'vestibulum','hendrerit',1.2,'nam',0.17,'sodales',3.25,4),(1150,'massa','orci',1.57,'erat',8.67,'blandit',3.34,9),(1151,'mattis','nec',5.95,'in',3.4,'nulla',5.17,9),(1152,'faucibus','eu',6.34,'cursus',9.06,'in',8.63,6),(1153,'amet','purus',0.17,'purus',2.35,'mauris',8.04,1),(1154,'pellentesque','duis',8.09,'mauris',0.42,'quis',2.34,6),(1155,'quisque','urna',6.23,'sapien',7.66,'blandit',3.62,2),(1156,'integer','in',8.69,'orci',9.13,'phasellus',6.19,2),(1157,'tincidunt','ullamcorper',4.12,'nisl',1.35,'bibendum',2.62,9),(1158,'quisque','quis',9.22,'ultrices',1.02,'mattis',0.81,0),(1159,'sem','id',8.07,'consequat',9.32,'blandit',3.09,7),(1160,'est','vestibulum',3.58,'nunc',3.72,'morbi',4.85,3),(1161,'convallis','aliquam',2.38,'accumsan',7.1,'sit',3.08,5),(1162,'dolor','curae;',3.44,'mauris',3.67,'elementum',4.62,4),(1163,'parturient','id',4.67,'consequat',9.69,'porta',4.86,5),(1164,'libero','rhoncus',3.11,'sem',4.88,'eget',4.25,5),(1165,'nulla','in',4.44,'volutpat',5.87,'nulla',7.91,8),(1166,'integer','urna',4.64,'dui',7.76,'lorem',9.2,7),(1167,'adipiscing','scelerisque',4.01,'eget',6.29,'ac',1.94,1),(1168,'mattis','eu',6.03,'in',9.44,'dignissim',3.18,8),(1169,'semper','magna',6.6,'ut',4.07,'viverra',1.32,6),(1170,'tincidunt','ultrices',2.9,'ultrices',9.46,'leo',3.37,0),(1171,'amet','amet',9.11,'condimentum',5.37,'ligula',3.68,4),(1172,'varius','sapien',8.2,'in',0.43,'sed',3.52,1),(1173,'orci','turpis',1.8,'dui',2.71,'adipiscing',3,1),(1174,'nascetur','pede',7.56,'massa',7.15,'ut',5.85,6),(1175,'ultrices','erat',7.86,'proin',8.13,'morbi',6.82,5),(1176,'sollicitudin','erat',7.5,'sit',4.58,'odio',1.98,4),(1177,'nibh','cursus',1.64,'lorem',7.22,'a',9.38,8),(1178,'quam','eget',6.52,'nec',2.64,'enim',6.83,0),(1179,'nam','sociis',7.47,'quisque',5.62,'aenean',1.11,5),(1180,'ut','pede',7.96,'sit',6.84,'adipiscing',1.61,1),(1181,'eleifend','primis',8.54,'felis',3.55,'amet',0.53,6),(1182,'eleifend','in',7.96,'a',1.37,'elit',3.07,3),(1183,'interdum','nisl',3.47,'mi',2.85,'ut',3.16,6),(1184,'placerat','amet',1.27,'consequat',2.16,'montes',9.9,4),(1185,'iaculis','quam',1.49,'nec',4.98,'eget',6.3,0),(1186,'odio','ac',7.14,'donec',6.75,'id',8.28,2),(1187,'nascetur','donec',6.74,'diam',5.23,'justo',7.28,4),(1188,'cum','viverra',8.09,'et',8.61,'in',9.39,0),(1189,'vehicula','congue',0.7,'neque',6.16,'nulla',4.41,8),(1190,'hac','odio',6.2,'id',0.03,'sapien',5.51,8),(1191,'integer','nisi',7.38,'duis',7.6,'porta',6.9,7),(1192,'in','sit',9.27,'pede',2.7,'nulla',1.89,0),(1193,'eget','porta',4.32,'consequat',6.03,'elit',2.11,7),(1194,'neque','eget',3.1,'orci',5.29,'posuere',7.16,0),(1195,'turpis','ultrices',8.53,'rhoncus',1.81,'lacinia',3.83,1),(1196,'rhoncus','cras',4.51,'arcu',0.87,'sodales',6.76,8),(1197,'consectetuer','augue',3.65,'quis',5.93,'felis',7.51,8),(1198,'quis','platea',4.93,'sed',7.62,'sagittis',7.77,5),(1199,'nisl','nulla',6.96,'integer',7.69,'aenean',6.99,0),(1200,'sapien','sapien',1.71,'sem',6.2,'augue',1.7,7),(1201,'ullamcorper','nunc',1.59,'duis',2.65,'dictumst',0.87,8),(1202,'pede','bibendum',8.86,'at',7.21,'quam',3.04,7),(1203,'sodales','dis',3.15,'pellentesque',8.08,'mus',3.16,7),(1204,'curabitur','vivamus',0.92,'eleifend',8.28,'ut',7.2,8),(1205,'rhoncus','in',5.8,'sed',1.34,'rutrum',1.01,2),(1206,'lobortis','turpis',0.39,'tincidunt',9.76,'magna',2.74,2),(1207,'leo','bibendum',8.37,'nulla',9.93,'nisl',9.77,4),(1208,'vestibulum','a',3.85,'ut',8.6,'sapien',8.36,4),(1209,'cubilia','amet',6.27,'maecenas',6.93,'enim',9,9),(1210,'vestibulum','eu',0.76,'odio',9.52,'lectus',5.05,5),(1211,'suspendisse','felis',1.34,'neque',6.2,'donec',5.59,9),(1212,'eu','justo',5.65,'vestibulum',5.01,'metus',0.56,0),(1213,'vel','eget',0.73,'blandit',0.27,'leo',0.76,0),(1214,'mauris','magnis',1.07,'quisque',2.96,'cursus',7.22,1),(1215,'eget','at',5.12,'convallis',8.15,'at',1.36,2),(1216,'nunc','dis',6.06,'volutpat',4.15,'curae;',6.03,7),(1217,'curae;','vivamus',4.49,'rutrum',7.36,'tempus',6.27,0),(1218,'in','ridiculus',1.61,'lectus',0.4,'nibh',3.57,6),(1219,'malesuada','vitae',9.22,'nibh',9.79,'augue',0.64,3),(1220,'massa','interdum',9.69,'felis',3.53,'in',4.13,5),(1221,'morbi','nulla',4.38,'sapien',4.56,'erat',6.42,0),(1222,'ut','ac',7.06,'nibh',2.16,'a',1.39,8),(1223,'nisl','sed',5.36,'penatibus',1.75,'interdum',9.79,9),(1224,'quam','ut',0.5,'mus',0.52,'sapien',3.18,8),(1225,'semper','nulla',8.05,'neque',6.06,'in',1.59,1),(1226,'quisque','magna',0.26,'scelerisque',9.62,'amet',5,4),(1227,'in','cursus',5.6,'laoreet',5.68,'vestibulum',6.24,3),(1228,'mauris','venenatis',4.18,'nibh',3.48,'odio',6.31,2),(1229,'ipsum','tristique',5.89,'mattis',7.16,'pretium',4.3,5),(1230,'nulla','ut',2.64,'velit',1.56,'nisl',6.69,0),(1231,'arcu','gravida',4.89,'semper',2.71,'dui',0.51,3),(1232,'pede','nisi',9.69,'turpis',6.84,'platea',8.14,9),(1233,'pede','risus',8.17,'velit',4.25,'sit',6.51,3),(1234,'libero','felis',7.22,'volutpat',8.66,'consequat',2.37,5),(1235,'nisl','nibh',3.57,'nibh',7.37,'nam',1.4,5),(1236,'quisque','augue',5.46,'elementum',1.57,'ipsum',3.77,8),(1237,'nulla','neque',9.34,'in',6.33,'libero',4.13,8),(1238,'et','odio',2.21,'phasellus',1.49,'vivamus',8.21,0),(1239,'ante','elementum',3.13,'justo',6.52,'ultrices',5,9),(1240,'volutpat','faucibus',9.02,'at',9.31,'suspendisse',3.52,5),(1241,'aenean','a',2.89,'vel',9.61,'tempus',8.95,1),(1242,'et','nunc',7.65,'est',6.49,'nonummy',9.81,1),(1243,'non','vestibulum',4.5,'elementum',4.04,'semper',4.27,4),(1244,'ipsum','integer',7.44,'nec',9.51,'ornare',9.08,5),(1245,'pede','pellentesque',1.25,'neque',9.31,'sed',0.69,1),(1246,'eget','amet',6.78,'ante',9.23,'amet',7.74,8),(1247,'in','duis',9.1,'dui',4.77,'lacinia',5.74,2),(1248,'ultrices','nulla',0.73,'libero',6.4,'nunc',3.01,5),(1249,'nulla','quam',6.48,'ipsum',0.46,'orci',0.16,1),(1250,'vestibulum','ut',4.51,'lacinia',0.18,'pede',3.45,6),(1251,'diam','eros',1.04,'ultrices',1.72,'enim',8.3,9),(1252,'congue','eu',4.69,'sapien',8.85,'justo',7.41,6),(1253,'proin','ornare',7.84,'condimentum',0.62,'lectus',4.76,8),(1254,'nibh','tincidunt',7.46,'eget',1.34,'proin',2.33,4),(1255,'congue','porttitor',1.35,'nulla',4.34,'quis',7.41,9),(1256,'potenti','consequat',5.59,'sed',2.55,'convallis',2.24,4),(1257,'nisl','id',0.65,'interdum',0.07,'nibh',2.68,4),(1258,'eleifend','lorem',6.88,'vel',4.2,'neque',5.89,9),(1259,'aenean','ante',7.32,'amet',2.89,'tortor',4.63,5),(1260,'integer','nulla',0.44,'suscipit',3.85,'nulla',5.69,7),(1261,'pretium','libero',1.64,'leo',5.98,'aliquet',0.42,5),(1262,'lectus','vestibulum',3.59,'dui',2.69,'justo',4.83,1),(1263,'volutpat','mauris',3.04,'parturient',2.8,'nulla',4.69,0),(1264,'diam','dui',2.22,'ut',2.39,'ante',7.78,2),(1265,'libero','curabitur',8.53,'eu',3.34,'nulla',4.94,0),(1266,'habitasse','ullamcorper',0.27,'odio',6.14,'in',0.44,8),(1267,'egestas','eu',4.73,'magnis',3.96,'orci',7.38,6),(1268,'est','mus',7.22,'a',0.87,'nullam',3.73,3),(1269,'elit','morbi',3.9,'nibh',3.05,'nisl',2.1,1),(1270,'mauris','vivamus',8.81,'nibh',5.16,'proin',5.64,6),(1271,'in','platea',7.69,'aliquet',2.13,'convallis',5.9,5),(1272,'felis','ac',1.95,'velit',8.05,'quam',5.36,4),(1273,'lectus','duis',4.9,'ligula',6.25,'varius',7.56,8),(1274,'nisl','maecenas',2.73,'orci',5.46,'neque',7.02,9),(1275,'lorem','condimentum',3.69,'pede',8.12,'id',5.65,9),(1276,'ac','eros',3.73,'nisl',0.63,'nec',3.93,0),(1277,'in','vel',8.54,'scelerisque',6.61,'odio',1.47,9),(1278,'nibh','congue',7.25,'nam',6.31,'ac',3.32,8),(1279,'rutrum','maecenas',0.23,'morbi',5.37,'pede',9.59,4),(1280,'fusce','sodales',9.72,'vestibulum',7.86,'in',0.81,2),(1281,'sit','nisl',3.49,'diam',1.35,'fusce',1.69,2),(1282,'semper','pede',0.12,'purus',1.01,'eu',2.57,8),(1283,'dapibus','orci',3.5,'at',7.57,'quisque',2.65,4),(1284,'tincidunt','pede',0.07,'ultrices',9.11,'sapien',8.05,0),(1285,'luctus','habitasse',4.28,'elit',3.29,'eget',1.56,6),(1286,'risus','lacinia',0.51,'vel',2.21,'cursus',0.83,4),(1287,'morbi','ac',3,'ante',8.54,'platea',0.34,5),(1288,'tempor','eleifend',3.96,'augue',0.9,'nullam',7.23,4),(1289,'vulputate','pharetra',9.39,'dapibus',8.5,'augue',3.85,4),(1290,'id','in',1.37,'sodales',9.13,'nulla',7.3,8),(1291,'faucibus','nulla',1.37,'imperdiet',6.62,'mus',3.61,9),(1292,'consectetuer','lacus',3.88,'morbi',6.45,'maecenas',2.1,5),(1293,'cum','sapien',1.52,'quam',8.85,'montes',2.69,9),(1294,'sed','venenatis',5.1,'malesuada',1.43,'ac',4.58,1),(1295,'quam','ante',1.9,'imperdiet',5.54,'libero',7.83,4),(1296,'orci','vestibulum',6.18,'ut',8.74,'nec',6.99,0),(1297,'id','mattis',9.44,'in',2.88,'nulla',4.42,9),(1298,'leo','in',0.44,'orci',0.99,'posuere',9.77,0),(1299,'at','ullamcorper',9.02,'sed',8.87,'purus',0.33,4),(1300,'ligula','vivamus',9.28,'nibh',3.5,'orci',9.81,3),(1301,'et','nulla',4.79,'non',3.3,'erat',7.42,8),(1302,'rhoncus','nec',4.25,'posuere',7.64,'diam',0.27,9),(1303,'sapien','odio',1.75,'aliquam',2.8,'mattis',2.73,1),(1304,'primis','luctus',0.31,'proin',1.38,'lacus',1.58,5),(1305,'in','habitasse',3.78,'nulla',1.7,'eget',8.61,6),(1306,'aliquet','nulla',9.9,'proin',7.7,'sit',9.09,9),(1307,'nulla','quam',0.42,'ut',4.05,'amet',9.49,9),(1308,'faucibus','luctus',4.65,'consectetuer',7.78,'morbi',6.59,9),(1309,'erat','adipiscing',4.08,'congue',5.17,'morbi',9.7,5),(1310,'natoque','non',7.25,'pellentesque',7.91,'magna',3.12,5),(1311,'sed','consequat',0.44,'diam',6.69,'felis',7.18,6),(1312,'praesent','nulla',0.51,'justo',1.67,'suspendisse',4.92,5),(1313,'justo','amet',0.19,'gravida',7.28,'orci',1.71,8),(1314,'in','sed',3.16,'in',3.95,'praesent',1.32,9),(1315,'pulvinar','pede',5.79,'tincidunt',8.07,'quam',9.31,8),(1316,'interdum','tortor',5.92,'dictumst',8.09,'nisi',3.13,5),(1317,'dapibus','mauris',9.22,'sit',1.49,'augue',4.7,7),(1318,'id','phasellus',9.36,'faucibus',6.11,'vestibulum',0.04,8),(1319,'luctus','cum',5.44,'molestie',1.98,'in',0.7,2),(1320,'a','ac',5.01,'tellus',0.26,'est',5.63,0),(1321,'sagittis','lacus',8.25,'habitasse',7.33,'nulla',4.41,6),(1322,'duis','eleifend',7.03,'turpis',4.32,'duis',4.21,3),(1323,'at','morbi',4.55,'diam',0.88,'diam',4.35,7),(1324,'elit','in',0.76,'quis',7.5,'aliquam',1.89,9),(1325,'pede','blandit',1.63,'rutrum',8.17,'justo',7.13,2),(1326,'tortor','cubilia',2.45,'lorem',8.29,'primis',3.31,8),(1327,'vulputate','dui',5.64,'sit',9.9,'tincidunt',5.87,9),(1328,'cursus','pretium',7.08,'laoreet',2.44,'nec',2.69,9),(1329,'amet','id',8.05,'ut',6.8,'sit',7.43,4),(1330,'ut','nam',5.53,'scelerisque',6,'mus',2.61,0),(1331,'faucibus','duis',4.35,'eu',5.39,'sed',0.09,4),(1332,'justo','integer',3.04,'nibh',2.22,'etiam',6.63,2),(1333,'mi','luctus',8.05,'aenean',2.17,'nisl',4.49,5),(1334,'curae;','nibh',6.23,'malesuada',8.27,'sit',1.75,4),(1335,'natoque','eros',1.51,'placerat',5.08,'ante',1.84,0),(1336,'odio','aenean',5.29,'volutpat',2.96,'non',2.31,7),(1337,'nulla','non',0.93,'quis',6.46,'turpis',4.62,6),(1338,'condimentum','aliquet',5.82,'nisi',9.54,'sapien',3.21,4),(1339,'quisque','integer',6.31,'a',1.03,'urna',1.76,3),(1340,'lectus','lorem',3.43,'amet',3.03,'neque',1.09,5),(1341,'mattis','in',7.35,'molestie',1.98,'habitasse',8.81,6),(1342,'potenti','auctor',5.34,'quisque',3.93,'mus',6.06,3),(1343,'pharetra','pellentesque',5.94,'nullam',1.29,'vestibulum',5.28,5),(1344,'et','curabitur',0.52,'massa',6.37,'pede',9.98,2),(1345,'sit','vehicula',9.6,'eget',0.23,'diam',1.45,9),(1346,'et','quis',2.34,'luctus',7.64,'volutpat',2.38,0),(1347,'lobortis','duis',8.77,'consequat',5.83,'dignissim',3.7,4),(1348,'morbi','rhoncus',2.66,'lorem',5.87,'placerat',8.74,4),(1349,'suscipit','aliquam',6.78,'nulla',7.23,'nam',2.24,3),(1350,'ipsum','ultrices',5.01,'sapien',5.66,'velit',9.34,8),(1351,'vel','ullamcorper',2.3,'orci',5.74,'sapien',2.4,8),(1352,'malesuada','vulputate',0.07,'cubilia',0.78,'nec',1.1,7),(1353,'integer','integer',1.8,'nec',9.67,'accumsan',2.47,1),(1354,'fusce','dictumst',4.56,'sapien',5.81,'porttitor',1.01,9),(1355,'at','dui',6.87,'lorem',5.64,'feugiat',0.28,4),(1356,'eu','mauris',8.08,'sed',9.24,'nisi',1.96,7),(1357,'ut','suspendisse',8.86,'porta',5.21,'nisi',7.35,1),(1358,'praesent','parturient',1.7,'integer',4.6,'id',2.52,5),(1359,'curae;','sapien',0.38,'pellentesque',8.92,'faucibus',6.42,5),(1360,'vivamus','platea',7.59,'ridiculus',0.35,'in',7.14,1),(1361,'porttitor','tellus',1.47,'dui',9.78,'vulputate',5.04,7),(1362,'ut','vestibulum',6.34,'et',4.52,'diam',8.18,8),(1363,'adipiscing','nunc',3.25,'turpis',5.39,'magnis',8.21,8),(1364,'justo','nulla',9.42,'vestibulum',2.86,'tortor',0.03,4),(1365,'tellus','faucibus',1.43,'quis',2.89,'egestas',7.31,8),(1366,'sed','ac',6.85,'eros',0.96,'mus',2.8,7),(1367,'velit','est',1.01,'mus',5.54,'platea',7.96,3),(1368,'sed','porta',4.15,'integer',7.88,'sapien',6.36,4),(1369,'erat','nunc',3.83,'scelerisque',2.18,'nibh',3.28,9),(1370,'ac','praesent',1.49,'vestibulum',2.66,'curae;',4.12,9),(1371,'risus','convallis',3.12,'ac',8.17,'varius',2.9,5),(1372,'in','eleifend',2.7,'morbi',8,'a',1.37,4),(1373,'sed','amet',6.18,'porta',3.58,'mauris',2.19,0),(1374,'amet','ut',8.42,'aliquet',9.08,'libero',7.11,2),(1375,'fermentum','felis',8.68,'in',1.32,'turpis',2.77,2),(1376,'ultrices','suspendisse',1.6,'odio',3.94,'eu',1.74,6),(1377,'odio','enim',3.53,'vestibulum',4.2,'congue',2.71,9),(1378,'dictumst','duis',2.95,'orci',8.55,'ante',5.23,4),(1379,'ligula','placerat',0.47,'pulvinar',7.98,'dapibus',6.84,2),(1380,'ante','consequat',3.4,'duis',1.29,'enim',4.12,5),(1381,'quisque','ut',8.15,'nec',3.02,'ac',6.12,1),(1382,'eleifend','dis',2.89,'libero',9.94,'libero',1.49,5),(1383,'ipsum','eu',0.9,'integer',7.4,'pellentesque',5.16,7),(1384,'laoreet','magna',2.6,'ultricies',8.14,'nec',0.36,5),(1385,'bibendum','sodales',9.2,'sapien',3.02,'feugiat',1.09,3),(1386,'pellentesque','sit',4.43,'est',2.34,'mattis',1.31,4),(1387,'pretium','dolor',6.2,'amet',8.38,'ligula',2.38,1),(1388,'rhoncus','duis',6.93,'faucibus',8.9,'sagittis',8.98,2),(1389,'purus','sapien',4.77,'urna',0.44,'ut',1.78,4),(1390,'ultrices','id',4.74,'eget',1.37,'sapien',6.19,2),(1391,'lectus','accumsan',0.55,'eget',8.49,'nulla',0.69,7),(1392,'quisque','ipsum',8.24,'interdum',5.61,'in',6.4,0),(1393,'faucibus','donec',0.73,'eu',1.25,'rutrum',0.82,5),(1394,'rhoncus','morbi',5.96,'eget',7.2,'amet',8.89,1),(1395,'volutpat','quam',1.15,'rhoncus',4.5,'ac',2.21,0),(1396,'purus','proin',9.2,'etiam',1.31,'vulputate',5,0),(1397,'vestibulum','quam',0.2,'aliquet',5.05,'commodo',5.36,6),(1398,'in','felis',7.55,'donec',9.3,'luctus',5.54,6),(1399,'facilisi','odio',2.52,'amet',9.18,'sapien',2.3,5),(1400,'natoque','sapien',0.27,'id',0.31,'enim',9.17,0),(1401,'vulputate','commodo',8.65,'sollicitudin',4.39,'turpis',3.03,2),(1402,'consequat','aliquet',6.26,'eu',0.96,'eleifend',4.73,3),(1403,'et','ante',1.37,'mauris',5.5,'tincidunt',0.09,7),(1404,'integer','quam',9.42,'pellentesque',8.56,'duis',2.77,8),(1405,'at','nibh',0.47,'quis',7.32,'augue',6.08,0),(1406,'mauris','quis',3.7,'a',4.54,'integer',3.42,9),(1407,'praesent','nec',7.14,'sollicitudin',4.38,'in',5.54,3),(1408,'parturient','pede',5.05,'curae;',4.53,'arcu',4.47,3),(1409,'diam','elementum',5.47,'ipsum',6.26,'nec',2.46,9),(1410,'mauris','pellentesque',4.75,'urna',2.5,'erat',1.69,4),(1411,'ac','ante',6.15,'nunc',2.7,'platea',8.45,6),(1412,'dapibus','fringilla',6.26,'consequat',4.38,'turpis',7.5,0),(1413,'id','lorem',1.68,'amet',5.03,'ut',7.58,3),(1414,'platea','praesent',9.39,'odio',8.86,'adipiscing',2.25,3),(1415,'ipsum','ipsum',6.08,'quis',2.22,'eu',1.13,1),(1416,'dapibus','in',8.67,'erat',7,'lacinia',9.62,0),(1417,'tempor','metus',2.06,'id',6.41,'curabitur',7.55,0),(1418,'leo','semper',5.96,'varius',2.03,'in',8.92,5),(1419,'massa','id',5.31,'nascetur',2.77,'donec',0.01,5),(1420,'nulla','molestie',4.25,'ultrices',2.59,'nec',3.46,2),(1421,'at','lobortis',6.16,'massa',3.39,'libero',3,8),(1422,'vestibulum','non',6.29,'sed',8.26,'phasellus',7,3),(1423,'in','sit',7.82,'ultrices',2.24,'id',2.26,4),(1424,'pede','vitae',0.29,'pharetra',3.54,'etiam',7.9,2),(1425,'duis','posuere',2.97,'convallis',2.72,'pede',0.09,6),(1426,'ut','non',7.95,'quisque',6.94,'mauris',7.97,3),(1427,'accumsan','tortor',1.04,'eleifend',0.47,'bibendum',9.4,0),(1428,'sit','erat',6.01,'id',1.34,'nulla',8.72,7),(1429,'morbi','massa',3.95,'ipsum',3.65,'ac',4.6,1),(1430,'a','pellentesque',2.77,'cras',5.74,'massa',6.82,2),(1431,'sapien','dui',8.23,'vitae',5.39,'eget',7.74,8),(1432,'primis','blandit',1.37,'rutrum',1.34,'dapibus',1.1,9),(1433,'purus','pede',0.26,'eget',9.49,'donec',6.64,0),(1434,'justo','ipsum',9.53,'nibh',1.57,'in',5.68,0),(1435,'volutpat','vivamus',6.21,'sapien',1.46,'sapien',6.21,5),(1436,'scelerisque','rutrum',8.57,'dapibus',1.32,'nunc',5.81,5),(1437,'ornare','nam',6.24,'est',2.85,'dui',0.43,0),(1438,'vitae','justo',3.84,'tempor',4.42,'vel',5.11,2),(1439,'lacinia','est',3.61,'pellentesque',5.27,'vel',2.78,3),(1440,'id','lectus',3.81,'tristique',9.89,'eget',7.22,3),(1441,'diam','molestie',9.78,'in',3.92,'elementum',8.79,7),(1442,'pellentesque','rutrum',0.22,'odio',5.26,'eu',2.65,8),(1443,'id','elementum',2.1,'lacinia',5.3,'sagittis',6.85,3),(1444,'tristique','sapien',4.48,'magna',7.71,'purus',8.78,4),(1445,'pulvinar','montes',7.73,'nulla',7.32,'sit',3.79,9),(1446,'eu','nullam',2.55,'proin',5.67,'odio',3.39,9),(1447,'nibh','tincidunt',8.2,'sit',8.17,'quis',3.86,7),(1448,'nisi','non',9.17,'in',2.29,'turpis',0.96,6),(1449,'semper','nibh',3.62,'in',4.21,'praesent',2.14,6),(1450,'praesent','amet',8.01,'cubilia',3.86,'donec',3.85,6),(1451,'molestie','ut',6.32,'risus',1.16,'et',8.03,3),(1452,'vivamus','integer',2.07,'vel',9.96,'id',4.06,6),(1453,'at','lectus',7.49,'diam',4.48,'augue',7.11,2),(1454,'sapien','nulla',0.43,'habitasse',1.41,'diam',4.37,1),(1455,'enim','tristique',8.07,'nulla',1.51,'morbi',9.99,0),(1456,'lorem','curabitur',4.18,'rhoncus',3,'ac',3.2,8),(1457,'ante','congue',6.42,'ac',6.96,'lacus',2.32,5),(1458,'morbi','risus',1.23,'pellentesque',5.18,'fusce',9.08,3),(1459,'non','ac',7.38,'orci',2.43,'vestibulum',5.1,2),(1460,'pellentesque','mauris',5.91,'augue',2.08,'curae;',9.83,1),(1461,'quis','pulvinar',7.92,'amet',2.64,'volutpat',0.97,1),(1462,'et','eget',2.68,'lobortis',5.17,'in',8.11,0),(1463,'ac','tincidunt',4.58,'etiam',6.36,'fusce',8.32,3),(1464,'vestibulum','vulputate',4.81,'tortor',5.78,'est',9.03,5),(1465,'nunc','tincidunt',5.33,'orci',5.47,'lacus',6.89,1),(1466,'posuere','phasellus',0.55,'nibh',9,'a',5.61,9),(1467,'orci','nec',7.98,'pede',7.32,'nunc',3.78,0),(1468,'porttitor','iaculis',8.55,'ut',2.51,'a',6.88,9),(1469,'tincidunt','vestibulum',5.16,'diam',1.91,'in',5.52,2),(1470,'integer','at',0.41,'ipsum',8.58,'sit',9.56,3),(1471,'ut','felis',6.17,'cursus',5.19,'sagittis',7.35,0),(1472,'elementum','ligula',6,'nisi',8.66,'vel',9.53,2),(1473,'ipsum','in',5.03,'id',9.92,'maecenas',7.99,1),(1474,'metus','imperdiet',8.42,'nullam',4.27,'varius',3.38,1),(1475,'primis','vel',5.6,'duis',2,'quam',3.23,1),(1476,'ac','odio',4.24,'consequat',0.06,'aliquam',7.8,2),(1477,'duis','mauris',8.52,'libero',3.69,'justo',4.46,3),(1478,'nunc','pulvinar',2.09,'vel',9.4,'scelerisque',5.78,8),(1479,'mi','adipiscing',7.88,'tristique',7.02,'nascetur',1.63,4),(1480,'adipiscing','donec',3.8,'in',8.55,'elementum',8.66,6),(1481,'pharetra','lacus',1.73,'vitae',1.57,'nulla',9.01,4),(1482,'eu','cras',7.71,'vitae',5.66,'dapibus',1.35,3),(1483,'in','in',4.72,'orci',0.26,'duis',5.33,2),(1484,'velit','vulputate',7.06,'tortor',8.43,'rutrum',5.67,1),(1485,'leo','maecenas',6.74,'at',7.46,'vel',3.78,5),(1486,'orci','ante',4.08,'in',3.94,'nibh',7.53,0),(1487,'ultrices','est',8.53,'a',9.86,'magna',4.77,1),(1488,'mus','pulvinar',9.86,'cras',2.94,'in',8.68,4),(1489,'faucibus','odio',8.11,'dui',4,'ultrices',5.32,4),(1490,'lacinia','massa',5.24,'nulla',5.93,'consequat',3.95,6),(1491,'sodales','potenti',3,'in',7.68,'adipiscing',8.24,8),(1492,'sit','ullamcorper',3.19,'lorem',0.22,'ut',9.52,8),(1493,'laoreet','vehicula',6.24,'ligula',7.49,'turpis',9,8),(1494,'congue','blandit',1.77,'scelerisque',1.73,'pede',9.35,3),(1495,'pretium','sed',8.2,'non',3.98,'et',5.77,0),(1496,'placerat','vestibulum',9.01,'nulla',9.4,'sem',2.96,4),(1497,'erat','justo',1.72,'sem',4.74,'sed',5.81,6),(1498,'nonummy','odio',0.85,'ipsum',6.63,'ridiculus',8.51,9),(1499,'urna','nam',3.92,'sed',7.43,'pretium',3.08,5),(1500,'curabitur','primis',9.34,'lectus',3.47,'neque',4.27,0),(1501,'ut','maecenas',8.23,'risus',2.56,'congue',4.77,6),(1502,'sit','augue',2.19,'vestibulum',9.36,'id',4.36,8),(1503,'vestibulum','praesent',4,'cras',5.79,'luctus',3.57,6),(1504,'diam','nunc',6.93,'varius',8.69,'magnis',0.39,4),(1505,'donec','massa',7.63,'dignissim',4.59,'volutpat',8.16,1),(1506,'auctor','mauris',0.91,'libero',0.12,'aenean',5.98,2),(1507,'vivamus','ut',1.98,'tortor',9.88,'eros',7.11,7),(1508,'nulla','hac',4.73,'bibendum',7.18,'diam',4.02,3),(1509,'non','amet',3.62,'sed',9.12,'augue',3.17,2),(1510,'tincidunt','tincidunt',3.97,'eu',0.65,'nascetur',9.72,6),(1511,'dui','consequat',1.15,'velit',6.91,'morbi',0.39,9),(1512,'pede','commodo',5.85,'volutpat',7.59,'vulputate',2.85,3),(1513,'interdum','ligula',8.72,'non',2.24,'pellentesque',9.8,1),(1514,'viverra','nulla',5.52,'pretium',5.33,'congue',9.87,8),(1515,'vestibulum','mauris',1.71,'nisi',6.38,'tempor',3.69,8),(1516,'justo','lobortis',0.33,'ornare',3.3,'quam',2.82,6),(1517,'ut','lacinia',7.27,'ut',9.09,'sapien',2.26,2),(1518,'pede','nullam',0.19,'vestibulum',1.45,'proin',8.19,4),(1519,'egestas','in',8.66,'suspendisse',9.76,'tellus',9,2),(1520,'vestibulum','at',2.12,'pede',1.94,'vestibulum',0.4,9),(1521,'faucibus','vel',1.61,'nulla',4.11,'platea',7.59,9),(1522,'eget','ultrices',6.09,'augue',5.37,'nec',0.73,7),(1523,'diam','nunc',9.21,'neque',6.19,'nullam',1.7,4),(1524,'vivamus','odio',8.81,'ac',6.7,'augue',0.03,5),(1525,'venenatis','ut',5.76,'bibendum',6.42,'rutrum',4.46,8),(1526,'pellentesque','felis',1.49,'nascetur',9.89,'eget',5.94,8),(1527,'molestie','in',2.86,'nibh',1.38,'sagittis',0.28,7),(1528,'tellus','in',7.46,'orci',5.82,'amet',5.65,6),(1529,'massa','sit',0.32,'in',2.98,'cubilia',0.24,5),(1530,'morbi','bibendum',3.78,'in',8.07,'sagittis',8.66,7),(1531,'est','ac',2.09,'non',7.37,'ut',8.33,0),(1532,'nulla','gravida',8.91,'elementum',5.62,'euismod',7,0),(1533,'felis','quis',4.15,'ac',5.36,'amet',0.31,9),(1534,'eros','id',3.55,'libero',5.38,'quisque',5.76,9),(1535,'elementum','justo',1.25,'rutrum',1.79,'est',3.81,9),(1536,'consequat','odio',8,'ultrices',3.16,'orci',1.97,6),(1537,'enim','venenatis',4.66,'convallis',4.04,'ipsum',2.28,1),(1538,'at','porta',8.61,'nulla',7.94,'integer',5.58,0),(1539,'pellentesque','pede',8.06,'adipiscing',6.47,'pede',9.49,1),(1540,'neque','pellentesque',8.24,'risus',5.41,'nulla',1.95,4),(1541,'aliquet','magna',4.4,'vivamus',4.02,'diam',5.48,4),(1542,'nonummy','fusce',8.8,'est',4.87,'aliquam',7.45,8),(1543,'at','a',4.73,'nec',5.51,'rhoncus',4.3,0),(1544,'at','cubilia',8.71,'ut',7.52,'at',9.28,1),(1545,'lobortis','ultrices',3.9,'placerat',5.46,'vehicula',6.03,7),(1546,'aliquam','lectus',4.5,'consectetuer',3.72,'rhoncus',9.02,0),(1547,'amet','mauris',8.23,'sapien',9.87,'felis',2.33,4),(1548,'tempus','ante',8.1,'leo',1.41,'sit',9.38,5),(1549,'ac','ut',1.8,'justo',1.5,'fusce',4.7,3),(1550,'hac','integer',4.85,'vel',5.18,'vulputate',9.98,4),(1551,'ipsum','pede',3.33,'venenatis',9.12,'tristique',9.74,4),(1552,'in','turpis',5.46,'luctus',7.07,'eu',1.83,1),(1553,'natoque','mi',0.36,'turpis',3.12,'neque',1.61,6),(1554,'aliquet','at',8.32,'cursus',8.06,'suspendisse',1.13,4),(1555,'magna','suspendisse',7.83,'risus',3.83,'maecenas',1.46,9),(1556,'ligula','dui',4.75,'morbi',8.66,'mollis',7.11,4),(1557,'ultricies','eu',6.91,'amet',5.42,'faucibus',4.32,9),(1558,'quis','nulla',2.49,'lorem',7.06,'interdum',0.93,7),(1559,'ante','cursus',5.75,'sapien',6.61,'in',1.52,9),(1560,'dui','nulla',0.72,'mi',0.73,'erat',6.9,4),(1561,'ultrices','quis',7.27,'nam',2.35,'parturient',3.1,6),(1562,'id','est',6.79,'justo',3.03,'pharetra',9.47,6),(1563,'sit','vestibulum',9.49,'accumsan',6.88,'morbi',3.77,3),(1564,'adipiscing','eget',6.07,'mauris',9.56,'id',1.27,9),(1565,'dapibus','ullamcorper',4.85,'eget',7.81,'aliquam',9.49,4),(1566,'vestibulum','non',5.29,'fringilla',5.03,'accumsan',5.51,7),(1567,'vestibulum','ut',9.59,'felis',8.38,'aliquam',0.69,0),(1568,'luctus','sem',8.75,'velit',8.98,'nulla',5.22,9),(1569,'nec','enim',6.81,'tristique',3.67,'erat',5.74,3),(1570,'ut','sagittis',2.14,'magna',4.02,'egestas',5.24,6),(1571,'et','laoreet',4.65,'lectus',9.4,'cras',1.05,9),(1572,'ut','dapibus',2.99,'sed',1,'mattis',8.35,2),(1573,'donec','mattis',1.5,'nulla',7.12,'turpis',7.3,5),(1574,'donec','diam',0.76,'maecenas',8.58,'primis',7.9,7),(1575,'erat','vestibulum',6.9,'odio',7.41,'id',9.43,5),(1576,'morbi','dui',6.22,'porta',6.62,'quam',0.12,1),(1577,'ipsum','pellentesque',4.35,'nullam',1.57,'lorem',2.99,3),(1578,'id','odio',4.18,'cursus',6.84,'integer',6.85,0),(1579,'non','in',8.68,'nam',2.31,'est',6.65,3),(1580,'sapien','nec',3.94,'vestibulum',7.97,'diam',7.91,1),(1581,'a','mattis',2.05,'iaculis',7.91,'in',5,9),(1582,'sed','parturient',5.77,'ultrices',8.97,'vulputate',9.07,7),(1583,'et','dolor',8.95,'nibh',7.18,'bibendum',2.13,1),(1584,'vel','dictumst',4.88,'vestibulum',2.68,'lobortis',3.33,6),(1585,'nibh','cras',3.71,'elementum',0.21,'tristique',2.52,0),(1586,'ut','augue',5.5,'a',6.96,'pede',0.11,4),(1587,'quis','lobortis',8.44,'maecenas',3.72,'libero',2.18,7),(1588,'elementum','imperdiet',5.31,'justo',1.67,'ut',5.72,8),(1589,'felis','erat',3.07,'sit',2.33,'nunc',3.6,6),(1590,'tristique','laoreet',1,'nunc',9.58,'morbi',3.48,5),(1591,'gravida','sodales',3.81,'tincidunt',9.77,'tristique',9.12,0),(1592,'volutpat','blandit',4.12,'ante',0.72,'justo',0.71,3),(1593,'non','vel',6,'ligula',5.12,'neque',7.54,3),(1594,'ut','odio',5.3,'sed',4.82,'vulputate',3.26,9),(1595,'pellentesque','ante',4.86,'ut',8.04,'accumsan',7.31,8),(1596,'molestie','erat',1.59,'sed',9.84,'odio',8.96,6),(1597,'mattis','nam',5.64,'luctus',5.94,'interdum',2.31,4),(1598,'vulputate','turpis',1.31,'libero',4.84,'turpis',5.59,4),(1599,'arcu','porttitor',8.28,'elit',8.79,'sed',7.62,7),(1600,'sed','nascetur',2.44,'vestibulum',5.88,'amet',0.6,3),(1601,'rhoncus','pede',6.04,'tellus',3.96,'id',3.73,7),(1602,'eget','eget',6.22,'iaculis',4.11,'et',8.25,1),(1603,'erat','platea',5.19,'sit',4.39,'erat',0.61,4),(1604,'enim','amet',7.85,'ridiculus',1.81,'tortor',6.85,9),(1605,'eleifend','amet',4.4,'dictumst',6.06,'nisl',5.05,4),(1606,'neque','vel',9.62,'sapien',8.89,'enim',5.08,5),(1607,'dapibus','fringilla',4.5,'nisl',2.23,'curabitur',3.06,8),(1608,'nunc','pellentesque',5.14,'quam',1.16,'dis',8.06,7),(1609,'congue','semper',5.13,'vel',6.72,'sit',5.22,0),(1610,'elit','vel',6.51,'nulla',9.17,'mi',8.4,4),(1611,'curabitur','ipsum',2.03,'hac',6.75,'nullam',8.26,3),(1612,'erat','nam',4.99,'rhoncus',0.52,'quis',3.51,8),(1613,'volutpat','nunc',0.7,'lectus',3.27,'nulla',9.98,4),(1614,'dolor','sed',0.78,'amet',3.34,'hac',2.08,7),(1615,'at','tristique',2.56,'vel',6.71,'ultrices',0.61,2),(1616,'luctus','eu',7.73,'imperdiet',4.58,'tortor',7.67,5),(1617,'dictumst','sit',7.96,'nullam',9.3,'imperdiet',9.98,8),(1618,'primis','volutpat',6.15,'libero',6.8,'et',2.69,4),(1619,'sed','duis',1.28,'velit',6.47,'at',9.24,4),(1620,'quam','sit',2.48,'convallis',7.78,'tortor',8.85,9),(1621,'lobortis','condimentum',4.64,'in',1.29,'parturient',4.99,5),(1622,'integer','mi',6.57,'curabitur',2.62,'sit',4.01,7),(1623,'vel','at',0.24,'mauris',3.67,'odio',1.34,2),(1624,'rutrum','libero',3.86,'iaculis',5.35,'praesent',4.47,8),(1625,'diam','aliquet',1,'ultrices',9.8,'posuere',6.95,6),(1626,'felis','vestibulum',5.78,'erat',6.59,'habitasse',8.33,2),(1627,'porttitor','suspendisse',4.91,'curabitur',2.07,'quis',0.48,4),(1628,'venenatis','volutpat',4.44,'libero',4.25,'sit',7,1),(1629,'porta','in',9.46,'leo',8.28,'turpis',3.59,3),(1630,'lacus','eros',6.94,'amet',3.37,'justo',4.19,7),(1631,'a','maecenas',5.73,'at',7.93,'in',4.18,6),(1632,'sed','justo',6.44,'penatibus',5.52,'dolor',5.37,4),(1633,'quis','in',5.77,'tristique',5.32,'primis',4.01,9),(1634,'platea','faucibus',8.26,'vestibulum',9.14,'non',9.22,6),(1635,'vel','odio',5.18,'turpis',3.7,'lectus',6.01,7),(1636,'in','dapibus',9.02,'velit',5.91,'sit',4.8,3),(1637,'eros','id',5.96,'amet',3.54,'sapien',0.51,5),(1638,'elit','varius',8.2,'ullamcorper',4.03,'quis',6.62,0),(1639,'sit','vulputate',1.4,'lectus',9.88,'a',7.22,7),(1640,'ipsum','fermentum',7.61,'eu',9.26,'nulla',2.39,6),(1641,'sed','est',0.86,'pretium',5.61,'at',7.8,8),(1642,'vestibulum','quis',5.13,'posuere',1.56,'sociis',8.01,9),(1643,'eget','cubilia',1.84,'maecenas',9.38,'pede',0.76,1),(1644,'in','felis',5.92,'diam',2.56,'nulla',5.1,3),(1645,'sed','pharetra',1.48,'erat',1.55,'montes',8.93,6),(1646,'in','rhoncus',7.17,'maecenas',8.88,'ut',1,3),(1647,'diam','duis',9.79,'ac',6.99,'morbi',4.05,1),(1648,'felis','ipsum',5.15,'aliquam',2.56,'tortor',2.41,6),(1649,'fusce','nisi',6.59,'porttitor',3.41,'fusce',5.71,4),(1650,'potenti','luctus',6.17,'justo',4.79,'ut',6.11,6),(1651,'facilisi','ligula',2.5,'ac',8.23,'in',7.81,6),(1652,'nibh','id',4.05,'nulla',6.15,'mauris',8.42,8),(1653,'ultrices','eget',4.09,'ac',7.91,'eleifend',8.46,0),(1654,'ac','in',2.84,'penatibus',2.15,'fusce',1.34,2),(1655,'purus','eget',2.27,'dui',5.51,'in',4.23,7),(1656,'eu','diam',0.03,'faucibus',7.47,'nisl',1.52,6),(1657,'ultrices','turpis',6.07,'mauris',2.26,'dis',8.45,4),(1658,'feugiat','in',7.89,'volutpat',3.38,'pellentesque',8.87,4),(1659,'morbi','diam',8.99,'platea',9.09,'justo',9.66,0),(1660,'molestie','vulputate',5.27,'cras',1.76,'vulputate',9.56,7),(1661,'proin','aliquam',4.29,'lorem',0.92,'phasellus',7.25,5),(1662,'proin','donec',9.86,'erat',0.34,'massa',9.09,2),(1663,'semper','amet',5.31,'mauris',7.7,'odio',7.13,0),(1664,'ultrices','suscipit',7.77,'etiam',0.03,'vestibulum',2.91,6),(1665,'sit','eget',5.61,'sit',4.39,'porttitor',9.01,0),(1666,'ultricies','tortor',4.17,'id',0.52,'ligula',5.03,8),(1667,'venenatis','sed',2.04,'non',4.68,'tincidunt',4.95,5),(1668,'odio','hac',0.84,'risus',5.22,'eget',7.51,6),(1669,'erat','nullam',8.21,'suspendisse',6.9,'integer',1.48,8),(1670,'in','in',7.22,'mauris',2.41,'elit',4.47,7),(1671,'platea','amet',5.23,'ut',9.71,'aliquam',0.61,0),(1672,'maecenas','sapien',2.83,'ac',2.83,'morbi',7.17,6),(1673,'primis','vestibulum',0.18,'in',1.05,'justo',8.15,1),(1674,'malesuada','turpis',7.22,'id',7.74,'quis',4.52,5),(1675,'consequat','montes',6.11,'in',8.78,'feugiat',7.19,0),(1676,'pulvinar','cras',0.98,'imperdiet',4.75,'commodo',4.06,6),(1677,'pharetra','ligula',7.96,'platea',5.48,'odio',9.88,1),(1678,'quisque','sollicitudin',4.98,'pulvinar',6.98,'congue',2.85,0),(1679,'tincidunt','sapien',5.05,'nec',6.81,'phasellus',1.05,3),(1680,'at','convallis',4.46,'a',5.77,'nulla',4.78,5),(1681,'non','orci',5.72,'vulputate',0.9,'pede',1.25,2),(1682,'nulla','lacinia',0.49,'mauris',0.67,'praesent',5.74,9),(1683,'natoque','viverra',2.11,'ut',0.84,'libero',8.51,2),(1684,'nulla','orci',1.46,'et',5.98,'risus',1.64,7),(1685,'nonummy','venenatis',7.63,'vel',3.42,'sapien',8.16,9),(1686,'aenean','dui',9.47,'vel',4.42,'duis',4.32,4),(1687,'faucibus','sapien',4.7,'condimentum',4,'nullam',2.84,2),(1688,'sem','fermentum',8.42,'tempus',9.61,'dui',8.93,1),(1689,'turpis','erat',8.82,'interdum',7.21,'nunc',6.45,3),(1690,'ante','ut',8.4,'vehicula',2.67,'nulla',0.53,7),(1691,'libero','duis',8.54,'massa',6.41,'in',8.46,3),(1692,'mattis','nullam',9.98,'donec',7.18,'porttitor',7.85,6),(1693,'vestibulum','nibh',1.28,'dui',8.45,'nullam',0.85,1),(1694,'sit','in',8.19,'hac',7.38,'nascetur',2.68,9),(1695,'sit','in',2.11,'vulputate',2.89,'eget',9.53,4),(1696,'sapien','nisi',0.68,'ut',4.91,'lacus',8.46,3),(1697,'eu','eget',8.32,'libero',9.13,'lacus',4.73,9),(1698,'aliquam','non',8.29,'justo',9.21,'quis',4.23,3),(1699,'sed','donec',7.7,'vulputate',6.14,'fusce',1.86,4),(1700,'lacus','rutrum',0.09,'aliquet',8.83,'orci',2.96,0),(1701,'cras','nulla',1.07,'nisi',4.3,'duis',7.02,9),(1702,'duis','ligula',0.67,'in',5.67,'pede',9.75,4),(1703,'magna','elementum',1.61,'vel',6.28,'pede',2.89,8),(1704,'tincidunt','urna',9.11,'eros',1.96,'donec',6.7,8),(1705,'velit','sapien',8.7,'ullamcorper',4.39,'amet',9.93,6),(1706,'parturient','massa',8.75,'amet',5.26,'proin',1.54,5),(1707,'mauris','ante',2.76,'fermentum',1.93,'urna',5.81,1),(1708,'nec','ipsum',1.92,'in',4.55,'sed',3.07,0),(1709,'ultrices','mauris',0.57,'porttitor',3.05,'sit',5.81,3),(1710,'vestibulum','velit',3.52,'sapien',5,'pellentesque',2.81,1),(1711,'pede','hac',0.77,'libero',7.11,'sapien',1.59,1),(1712,'platea','fermentum',3.42,'erat',6.96,'convallis',8.17,2),(1713,'molestie','urna',6.58,'mauris',4.92,'et',7.04,2),(1714,'platea','in',0.4,'varius',1.69,'molestie',1.44,3),(1715,'nulla','augue',4.12,'semper',2.82,'velit',3.94,3),(1716,'ridiculus','nascetur',8.16,'vulputate',3.1,'quam',9.39,0),(1717,'id','vestibulum',8.43,'maecenas',4.16,'nunc',3.84,6),(1718,'gravida','augue',5.89,'eros',0.76,'duis',8.94,5),(1719,'condimentum','nulla',1.1,'donec',2.22,'iaculis',0.49,0),(1720,'quam','viverra',1.59,'nam',1.85,'odio',4,0),(1721,'orci','vel',4.63,'eu',5.62,'malesuada',5.17,3),(1722,'ligula','bibendum',0.25,'posuere',9.19,'diam',6.62,1),(1723,'enim','erat',5.21,'vel',0.64,'nibh',2.82,9),(1724,'scelerisque','nunc',7.65,'quis',2.53,'auctor',7.65,0),(1725,'ultrices','viverra',5.59,'nulla',2.25,'pretium',7.39,8),(1726,'in','in',4.64,'nulla',2.51,'morbi',3.92,7),(1727,'sapien','tempus',4.34,'tortor',8.56,'sit',0.18,3),(1728,'orci','orci',0.72,'nunc',3.63,'morbi',2.47,3),(1729,'libero','dictumst',9.95,'nunc',8.97,'duis',8.46,0),(1730,'eget','justo',0.87,'quis',2.28,'rutrum',8.26,5),(1731,'semper','dictumst',3.59,'ipsum',1.65,'euismod',4.45,6),(1732,'sit','natoque',3.23,'posuere',3.14,'vestibulum',1.65,2),(1733,'non','dui',3.6,'sed',1.34,'purus',5.28,0),(1734,'id','nec',4.61,'massa',8.5,'dis',5.4,4),(1735,'lobortis','fusce',8.84,'ipsum',6.17,'vitae',9.51,0),(1736,'sagittis','ante',2.12,'curabitur',9.33,'maecenas',7.66,2),(1737,'vulputate','semper',7.32,'nunc',8.61,'phasellus',7.75,5),(1738,'massa','pharetra',4.01,'ut',7.05,'libero',1.12,7),(1739,'quis','vitae',9.67,'sit',2.69,'eu',1.24,0),(1740,'elementum','nulla',2.07,'felis',5.68,'venenatis',6.54,2),(1741,'convallis','eget',5.27,'penatibus',4.43,'consequat',5.82,3),(1742,'sit','nec',0.57,'penatibus',9.89,'a',7.6,7),(1743,'curae;','et',2.14,'nullam',3.09,'scelerisque',3.35,0),(1744,'in','scelerisque',6.36,'dictumst',6.21,'tortor',5.19,2),(1745,'arcu','duis',2.19,'quisque',1.27,'blandit',6.54,9),(1746,'nam','vel',4.32,'blandit',8.1,'amet',7.94,6),(1747,'massa','potenti',8.35,'odio',4.85,'lorem',9.79,0),(1748,'consequat','suspendisse',3.54,'semper',9.37,'cubilia',1.79,9),(1749,'non','non',1.62,'a',8.26,'at',9.64,3),(1750,'ac','mauris',5.93,'proin',4.57,'rhoncus',3.96,4),(1751,'in','venenatis',3.6,'massa',4.86,'donec',6.88,1),(1752,'ante','fermentum',1.72,'massa',8.06,'pretium',9.89,0),(1753,'fermentum','quam',5.81,'imperdiet',6.12,'duis',0.74,5),(1754,'pede','nulla',8.71,'eleifend',2.37,'diam',7.14,0),(1755,'non','nullam',0.09,'tortor',3.44,'ridiculus',9.07,3),(1756,'aenean','lacinia',1.73,'sollicitudin',6.45,'ante',3.07,4),(1757,'id','non',0.26,'lectus',5.17,'ante',9.47,7),(1758,'platea','eu',9.94,'enim',8.46,'vehicula',7.57,5),(1759,'mauris','sapien',2.48,'convallis',9.3,'erat',2.93,9),(1760,'arcu','ligula',3.37,'venenatis',5.4,'sit',7.79,7),(1761,'sit','massa',6.22,'vestibulum',8.98,'tortor',0.87,9),(1762,'lobortis','primis',9.58,'etiam',2.15,'nec',9.41,6),(1763,'mauris','lobortis',6.33,'eget',0.62,'nulla',3.6,4),(1764,'ante','convallis',0.29,'quam',7.19,'vitae',7.14,0),(1765,'dignissim','ac',0.99,'suspendisse',7.03,'ut',8.15,6),(1766,'eros','gravida',1.17,'aliquam',3.58,'in',2.34,9),(1767,'sollicitudin','nisl',5.88,'vestibulum',6.91,'euismod',1.46,8),(1768,'mi','nullam',7.78,'pretium',5.19,'tellus',1.67,9),(1769,'proin','sed',3.14,'et',1.02,'in',4.63,3),(1770,'quis','fringilla',4.27,'odio',3.47,'id',6.27,7),(1771,'quis','vel',9.07,'in',5.34,'est',5.31,4),(1772,'sit','parturient',3.34,'tristique',1.65,'turpis',4.35,3),(1773,'enim','magnis',1.85,'vestibulum',4.13,'sed',5.05,6),(1774,'sapien','turpis',9.28,'justo',7.09,'vehicula',8.96,2),(1775,'varius','sit',2.94,'tortor',7.65,'maecenas',5.84,8),(1776,'convallis','ac',2.63,'integer',4.71,'nec',7.06,7),(1777,'leo','lorem',4.81,'cras',0.99,'lectus',2.4,8),(1778,'convallis','velit',9.66,'amet',6.44,'duis',5.44,6),(1779,'suspendisse','adipiscing',2,'pretium',6.91,'volutpat',8.83,8),(1780,'sit','pretium',8.56,'tincidunt',1.43,'vestibulum',9.96,1),(1781,'viverra','metus',1.16,'elementum',5.3,'bibendum',8.67,1),(1782,'eget','ut',1.66,'id',1.39,'tellus',0.34,0),(1783,'velit','blandit',4.15,'posuere',1.59,'nulla',1.33,0),(1784,'ipsum','cum',6.42,'orci',8.4,'id',0.73,8),(1785,'id','turpis',7.4,'cubilia',9.79,'eget',7.46,7),(1786,'amet','luctus',4.29,'in',1.07,'viverra',2.43,8),(1787,'aliquet','erat',2.34,'elit',1.72,'fusce',0.49,8),(1788,'at','turpis',5.66,'ornare',8.98,'pellentesque',0.97,9),(1789,'commodo','blandit',8.05,'iaculis',4.61,'pellentesque',3.45,4),(1790,'posuere','parturient',9.45,'donec',8.62,'luctus',8.47,8),(1791,'commodo','quam',3.58,'amet',8.14,'convallis',2.13,0),(1792,'consequat','elit',0.3,'varius',4.58,'a',4.3,6),(1793,'in','odio',4.81,'ipsum',3.58,'odio',7.65,9),(1794,'sagittis','tortor',6.21,'dapibus',8.55,'dignissim',2.72,6),(1795,'semper','donec',4.43,'duis',4.2,'dictumst',4.9,8),(1796,'ligula','in',7.44,'eros',8.44,'etiam',4.74,6),(1797,'tellus','pellentesque',4.84,'dui',1.51,'consequat',7.47,6),(1798,'elit','lacinia',9.36,'et',3.11,'nibh',6.13,6),(1799,'aliquam','bibendum',3.83,'ultrices',2.81,'vestibulum',8.11,9),(1800,'nullam','sed',8.94,'suscipit',7.06,'est',9.37,7),(1801,'lobortis','neque',4.26,'tempus',7.05,'bibendum',6.25,1),(1802,'aliquam','pede',6.57,'volutpat',3.27,'in',2.86,8),(1803,'etiam','ultrices',7.19,'pretium',4.78,'justo',1,1),(1804,'purus','condimentum',7.66,'adipiscing',0.36,'posuere',7.2,3),(1805,'nulla','maecenas',7.78,'non',7.62,'montes',3.58,6);
/*!40000 ALTER TABLE `cheapest` ENABLE KEYS */;
UNLOCK TABLES;

--
-- Table structure for table `domains`
--

DROP TABLE IF EXISTS `domains`;
/*!40101 SET @saved_cs_client     = @@character_set_client */;
/*!40101 SET character_set_client = utf8 */;
CREATE TABLE `domains` (
  `id` int(11) NOT NULL AUTO_INCREMENT,
  `updatetime` datetime DEFAULT NULL,
  `name` varchar(20) DEFAULT NULL,
  `description` text,
  `type` varchar(30) DEFAULT NULL,
  `registry` varchar(100) DEFAULT NULL,
  `status` varchar(20) DEFAULT NULL,
  `cate` varchar(30) DEFAULT NULL,
  `popular` int(11) DEFAULT NULL,
  `restrictions` varchar(200) DEFAULT NULL,
  `sources` text,
  PRIMARY KEY (`id`),
  UNIQUE KEY `ix_domains_name` (`name`)
) ENGINE=InnoDB AUTO_INCREMENT=3 DEFAULT CHARSET=latin1;
/*!40101 SET character_set_client = @saved_cs_client */;

--
-- Dumping data for table `domains`
--

LOCK TABLES `domains` WRITE;
/*!40000 ALTER TABLE `domains` DISABLE KEYS */;
INSERT INTO `domains` VALUES (1,'2018-02-06 00:00:00','com','com is first domain extensions on then Internet. com is the king domain in the last time.','gTLD','VeriSign Global Registry Services','Active','Original Generic',1409092,'None','https://www.google.com\r\nhttps://wiki.com\r\nhttps://www.hi.com'),(2,'2018-02-06 00:00:00','net','net is first domain extensions on then Internet. com is the king domain in the last time.','gTLD','VeriSign Global Registry Services','Active','Original Generic',50002,'None','https://www.google.com\r\nhttps://wiki.com\r\nhttps://www.hi.com');
/*!40000 ALTER TABLE `domains` ENABLE KEYS */;
UNLOCK TABLES;

--
-- Table structure for table `prices`
--

DROP TABLE IF EXISTS `prices`;
/*!40101 SET @saved_cs_client     = @@character_set_client */;
/*!40101 SET character_set_client = utf8 */;
CREATE TABLE `prices` (
  `id` int(11) NOT NULL AUTO_INCREMENT,
  `register` float DEFAULT NULL,
  `renewal` float DEFAULT NULL,
  `transfer` float DEFAULT NULL,
  `whois` float DEFAULT NULL,
  `domain_id` int(11) DEFAULT NULL,
  `registrar_id` int(11) DEFAULT NULL,
  PRIMARY KEY (`id`),
  KEY `domain_id` (`domain_id`),
  KEY `registrar_id` (`registrar_id`),
  CONSTRAINT `prices_ibfk_1` FOREIGN KEY (`domain_id`) REFERENCES `domains` (`id`),
  CONSTRAINT `prices_ibfk_2` FOREIGN KEY (`registrar_id`) REFERENCES `registrars` (`id`)
) ENGINE=InnoDB AUTO_INCREMENT=7 DEFAULT CHARSET=latin1;
/*!40101 SET character_set_client = @saved_cs_client */;

--
-- Dumping data for table `prices`
--

LOCK TABLES `prices` WRITE;
/*!40000 ALTER TABLE `prices` DISABLE KEYS */;
INSERT INTO `prices` VALUES (1,0.99,12.99,7.99,2.99,1,1),(2,8.59,8.99,7.85,0,1,2),(3,19.99,29,21.09,0,2,2),(4,12,14,11,9,2,3),(5,12.2,14,14.1,96,2,4),(6,0.2,14,14.1,6,2,5);
/*!40000 ALTER TABLE `prices` ENABLE KEYS */;
UNLOCK TABLES;

--
-- Table structure for table `registrars`
--

DROP TABLE IF EXISTS `registrars`;
/*!40101 SET @saved_cs_client     = @@character_set_client */;
/*!40101 SET character_set_client = utf8 */;
CREATE TABLE `registrars` (
  `id` int(11) NOT NULL AUTO_INCREMENT,
  `key` varchar(20) DEFAULT NULL,
  `name` varchar(30) DEFAULT NULL,
  `url` varchar(30) DEFAULT NULL,
  `rating` float DEFAULT NULL,
  PRIMARY KEY (`id`),
  UNIQUE KEY `name` (`name`),
  UNIQUE KEY `ix_registrars_key` (`key`)
) ENGINE=InnoDB AUTO_INCREMENT=6 DEFAULT CHARSET=latin1;
/*!40101 SET character_set_client = @saved_cs_client */;

--
-- Dumping data for table `registrars`
--

LOCK TABLES `registrars` WRITE;
/*!40000 ALTER TABLE `registrars` DISABLE KEYS */;
INSERT INTO `registrars` VALUES (1,'godaddy','godaddy.com','https://www.godaddy.com',5),(2,'namecheap','NameCheap.com','https://www.namecheap.com',4.3),(3,'name','name.com','https://www.name.com',4),(4,'1and1','1and1.com','https://www.1and1.com',3.9),(5,'google','Google.com','http://domains.google/',4.9);
/*!40000 ALTER TABLE `registrars` ENABLE KEYS */;
UNLOCK TABLES;
/*!40103 SET TIME_ZONE=@OLD_TIME_ZONE */;

/*!40101 SET SQL_MODE=@OLD_SQL_MODE */;
/*!40014 SET FOREIGN_KEY_CHECKS=@OLD_FOREIGN_KEY_CHECKS */;
/*!40014 SET UNIQUE_CHECKS=@OLD_UNIQUE_CHECKS */;
/*!40101 SET CHARACTER_SET_CLIENT=@OLD_CHARACTER_SET_CLIENT */;
/*!40101 SET CHARACTER_SET_RESULTS=@OLD_CHARACTER_SET_RESULTS */;
/*!40101 SET COLLATION_CONNECTION=@OLD_COLLATION_CONNECTION */;
/*!40111 SET SQL_NOTES=@OLD_SQL_NOTES */;

-- Dump completed on 2018-02-11 17:22:49
